{
  "tests" : [ {
    "name" : "Test on firefox on mobile",
    "startedAt" : 1541506237815,
    "endedAt" : 1541506246690,
    "failed" : false,
    "statistic" : {
      "passed" : 2,
      "errors" : 0,
      "warnings" : 0,
      "total" : 2
    },
    "testId" : "1-test-on-firefox-on-mobile",
    "duration" : 8875,
    "groups" : [ ],
    "failed" : false
  }, {
    "name" : "Test on firefox on desktop",
    "startedAt" : 1541506246690,
    "endedAt" : 1541506253724,
    "failed" : false,
    "statistic" : {
      "passed" : 2,
      "errors" : 0,
      "warnings" : 0,
      "total" : 2
    },
    "testId" : "2-test-on-firefox-on-desktop",
    "duration" : 7034,
    "groups" : [ ],
    "failed" : false
  } ]
}