{
  "tests" : [ {
    "name" : "Test on firefox on mobile",
    "startedAt" : 1541505919533,
    "endedAt" : 1541505929153,
    "failed" : false,
    "statistic" : {
      "passed" : 1,
      "errors" : 0,
      "warnings" : 0,
      "total" : 1
    },
    "testId" : "1-test-on-firefox-on-mobile",
    "duration" : 9620,
    "groups" : [ ],
    "failed" : false
  }, {
    "name" : "Test on firefox on desktop",
    "startedAt" : 1541505929153,
    "endedAt" : 1541505935370,
    "failed" : false,
    "statistic" : {
      "passed" : 1,
      "errors" : 0,
      "warnings" : 0,
      "total" : 1
    },
    "testId" : "2-test-on-firefox-on-desktop",
    "duration" : 6217,
    "groups" : [ ],
    "failed" : false
  } ]
}