{
  "testId" : "1-addgodinatest600.gspec",
  "name" : "addGodinaTest600.gspec",
  "report" : {
    "nodes" : [ {
      "name" : "Simple check",
      "status" : "info",
      "nodes" : [ {
        "name" : "check  addGodinaTest600.gspec --url http://localhost/addGodina.html --size 500x768 --htmlreport izvjestaji",
        "status" : "info",
        "nodes" : [ {
          "name" : "Check layout: addGodinaTest600.gspec included tags: ",
          "status" : "info",
          "time" : 1541537230103,
          "sections" : [ {
            "name" : "Main section",
            "place" : {
              "filePath" : "addGodinaTest600.gspec",
              "lineNumber" : 5
            },
            "objects" : [ {
              "name" : "side",
              "specs" : [ {
                "status" : "info",
                "place" : {
                  "filePath" : "addGodinaTest600.gspec",
                  "lineNumber" : 7
                },
                "name" : "above glavniSadrzaj ~0 px",
                "highlight" : [ "side", "glavniSadrzaj" ]
              } ]
            } ]
          } ],
          "objects" : {
            "side" : {
              "area" : [ 0, 134, 470, 414 ]
            },
            "glavniSadrzaj" : {
              "area" : [ 0, 547, 470, 800 ]
            }
          },
          "screenshot" : "layout-1-screenshot.png",
          "type" : "layout"
        } ],
        "time" : 1541537229041,
        "type" : "node"
      } ],
      "time" : 1541537224715,
      "type" : "node"
    } ]
  }
}