{
  "testId" : "1-addstudenttest.gspec",
  "name" : "addStudentTest.gspec",
  "report" : {
    "nodes" : [ {
      "name" : "Simple check",
      "status" : "info",
      "nodes" : [ {
        "name" : "check  addStudentTest.gspec --url http://localhost/addStudent.html --size 1024x768 --htmlreport izvjestaji",
        "status" : "info",
        "nodes" : [ {
          "name" : "Check layout: addStudentTest.gspec included tags: ",
          "status" : "info",
          "time" : 1541534680366,
          "sections" : [ {
            "name" : "Main section",
            "place" : {
              "filePath" : "addStudentTest.gspec",
              "lineNumber" : 20
            },
            "objects" : [ {
              "name" : "logo",
              "specs" : [ {
                "status" : "info",
                "place" : {
                  "filePath" : "addStudentTest.gspec",
                  "lineNumber" : 22
                },
                "name" : "above meni",
                "highlight" : [ "logo", "meni" ]
              }, {
                "status" : "info",
                "place" : {
                  "filePath" : "addStudentTest.gspec",
                  "lineNumber" : 23
                },
                "name" : "inside header < 50px top left",
                "highlight" : [ "logo", "header" ]
              } ]
            }, {
              "name" : "meni",
              "specs" : [ {
                "status" : "info",
                "place" : {
                  "filePath" : "addStudentTest.gspec",
                  "lineNumber" : 25
                },
                "name" : "inside header",
                "highlight" : [ "meni", "header" ]
              } ]
            }, {
              "name" : "naziv",
              "specs" : [ {
                "status" : "info",
                "place" : {
                  "filePath" : "addStudentTest.gspec",
                  "lineNumber" : 27
                },
                "name" : "inside header < 50px top right",
                "highlight" : [ "naziv", "header" ]
              }, {
                "status" : "info",
                "place" : {
                  "filePath" : "addStudentTest.gspec",
                  "lineNumber" : 28
                },
                "name" : "right-of logo",
                "highlight" : [ "naziv", "logo" ]
              } ]
            }, {
              "name" : "glavniSadrzaj",
              "specs" : [ {
                "status" : "info",
                "place" : {
                  "filePath" : "addStudentTest.gspec",
                  "lineNumber" : 30
                },
                "name" : "below header -2 to 2 px",
                "highlight" : [ "glavniSadrzaj", "header" ]
              }, {
                "status" : "info",
                "place" : {
                  "filePath" : "addStudentTest.gspec",
                  "lineNumber" : 31
                },
                "name" : "above footer",
                "highlight" : [ "glavniSadrzaj", "footer" ]
              }, {
                "status" : "info",
                "place" : {
                  "filePath" : "addStudentTest.gspec",
                  "lineNumber" : 32
                },
                "name" : "width ~85% of screen/width",
                "highlight" : [ "glavniSadrzaj" ]
              }, {
                "status" : "info",
                "place" : {
                  "filePath" : "addStudentTest.gspec",
                  "lineNumber" : 33
                },
                "name" : "centered horizontally inside screen",
                "highlight" : [ "glavniSadrzaj", "screen" ]
              }, {
                "status" : "info",
                "place" : {
                  "filePath" : "addStudentTest.gspec",
                  "lineNumber" : 34
                },
                "name" : "contains fPojedinacni, fMasovni",
                "highlight" : [ "glavniSadrzaj", "fPojedinacni", "fMasovni" ]
              } ]
            }, {
              "name" : "fPojedinacni",
              "specs" : [ {
                "status" : "info",
                "place" : {
                  "filePath" : "addStudentTest.gspec",
                  "lineNumber" : 36
                },
                "name" : "above fMasovni",
                "highlight" : [ "fPojedinacni", "fMasovni" ]
              }, {
                "status" : "info",
                "place" : {
                  "filePath" : "addStudentTest.gspec",
                  "lineNumber" : 37
                },
                "name" : "contains inputT, inputN, inputE, inputS, select",
                "highlight" : [ "fPojedinacni", "inputT", "inputN", "inputE", "inputS", "select" ]
              } ]
            }, {
              "name" : "fMasovni",
              "specs" : [ {
                "status" : "info",
                "place" : {
                  "filePath" : "addStudentTest.gspec",
                  "lineNumber" : 39
                },
                "name" : "contains select2, inputF, inputS2",
                "highlight" : [ "fMasovni", "select2", "inputF", "inputS2" ]
              } ]
            }, {
              "name" : "footer",
              "specs" : [ {
                "status" : "info",
                "place" : {
                  "filePath" : "addStudentTest.gspec",
                  "lineNumber" : 41
                },
                "name" : "below glavniSadrzaj",
                "highlight" : [ "footer", "glavniSadrzaj" ]
              } ]
            } ]
          } ],
          "objects" : {
            "meni" : {
              "area" : [ 0, 70, 1011, 42 ]
            },
            "glavniSadrzaj" : {
              "area" : [ 75, 127, 859, 550 ]
            },
            "select" : {
              "area" : [ 362, 187, 175, 19 ]
            },
            "footer" : {
              "area" : [ 0, 677, 1011, 67 ]
            },
            "inputT" : {
              "area" : [ 362, 234, 179, 22 ]
            },
            "inputS" : {
              "area" : [ 540, 356, 87, 22 ]
            },
            "naziv" : {
              "area" : [ 744, 0, 266, 67 ]
            },
            "screen" : {
              "area" : [ 0, 0, 1011, 745 ]
            },
            "inputN" : {
              "area" : [ 362, 283, 161, 22 ]
            },
            "inputS2" : {
              "area" : [ 540, 553, 87, 22 ]
            },
            "select2" : {
              "area" : [ 362, 481, 175, 19 ]
            },
            "inputF" : {
              "area" : [ 362, 528, 253, 22 ]
            },
            "inputE" : {
              "area" : [ 362, 331, 161, 22 ]
            },
            "logo" : {
              "area" : [ 0, 0, 50, 50 ]
            },
            "header" : {
              "area" : [ 0, 0, 1011, 128 ]
            },
            "fPojedinacni" : {
              "area" : [ 330, 136, 350, 242 ]
            },
            "fMasovni" : {
              "area" : [ 330, 430, 350, 200 ]
            }
          },
          "screenshot" : "layout-1-screenshot.png",
          "type" : "layout"
        } ],
        "time" : 1541534678438,
        "type" : "node"
      } ],
      "time" : 1541534674097,
      "type" : "node"
    } ]
  }
}