{
  "testId" : "1-addgodinatest.gspec",
  "name" : "addGodinaTest.gspec",
  "report" : {
    "nodes" : [ {
      "name" : "Simple check",
      "status" : "info",
      "nodes" : [ {
        "name" : "check  addGodinaTest.gspec --url http://localhost/addGodina.html --size 1024x768 --htmlreport izvjestaji",
        "status" : "info",
        "nodes" : [ {
          "name" : "Check layout: addGodinaTest.gspec included tags: ",
          "status" : "info",
          "time" : 1541534721129,
          "sections" : [ {
            "name" : "Main section",
            "place" : {
              "filePath" : "addGodinaTest.gspec",
              "lineNumber" : 16
            },
            "objects" : [ {
              "name" : "logo",
              "specs" : [ {
                "status" : "info",
                "place" : {
                  "filePath" : "addGodinaTest.gspec",
                  "lineNumber" : 18
                },
                "name" : "above meni",
                "highlight" : [ "logo", "meni" ]
              }, {
                "status" : "info",
                "place" : {
                  "filePath" : "addGodinaTest.gspec",
                  "lineNumber" : 19
                },
                "name" : "inside header < 50px top left",
                "highlight" : [ "logo", "header" ]
              } ]
            }, {
              "name" : "meni",
              "specs" : [ {
                "status" : "info",
                "place" : {
                  "filePath" : "addGodinaTest.gspec",
                  "lineNumber" : 21
                },
                "name" : "inside header",
                "highlight" : [ "meni", "header" ]
              } ]
            }, {
              "name" : "naziv",
              "specs" : [ {
                "status" : "info",
                "place" : {
                  "filePath" : "addGodinaTest.gspec",
                  "lineNumber" : 23
                },
                "name" : "inside header < 50px top right",
                "highlight" : [ "naziv", "header" ]
              }, {
                "status" : "info",
                "place" : {
                  "filePath" : "addGodinaTest.gspec",
                  "lineNumber" : 24
                },
                "name" : "right-of logo",
                "highlight" : [ "naziv", "logo" ]
              } ]
            }, {
              "name" : "side",
              "specs" : [ {
                "status" : "info",
                "place" : {
                  "filePath" : "addGodinaTest.gspec",
                  "lineNumber" : 26
                },
                "name" : "below header -2 to 2 px",
                "highlight" : [ "side", "header" ]
              }, {
                "status" : "info",
                "place" : {
                  "filePath" : "addGodinaTest.gspec",
                  "lineNumber" : 27
                },
                "name" : "left-of glavniSadrzaj -2 to 2 px",
                "highlight" : [ "side", "glavniSadrzaj" ]
              }, {
                "status" : "info",
                "place" : {
                  "filePath" : "addGodinaTest.gspec",
                  "lineNumber" : 28
                },
                "name" : "width ~35% of screen/width",
                "highlight" : [ "side" ]
              }, {
                "status" : "info",
                "place" : {
                  "filePath" : "addGodinaTest.gspec",
                  "lineNumber" : 29
                },
                "name" : "contains inputT, inputB, inputS",
                "highlight" : [ "side", "inputT", "inputB", "inputS" ]
              } ]
            }, {
              "name" : "glavniSadrzaj",
              "specs" : [ {
                "status" : "info",
                "place" : {
                  "filePath" : "addGodinaTest.gspec",
                  "lineNumber" : 31
                },
                "name" : "below header -2 to 2 px",
                "highlight" : [ "glavniSadrzaj", "header" ]
              }, {
                "status" : "info",
                "place" : {
                  "filePath" : "addGodinaTest.gspec",
                  "lineNumber" : 32
                },
                "name" : "above footer",
                "highlight" : [ "glavniSadrzaj", "footer" ]
              }, {
                "status" : "info",
                "place" : {
                  "filePath" : "addGodinaTest.gspec",
                  "lineNumber" : 33
                },
                "name" : "width ~65% of screen/width",
                "highlight" : [ "glavniSadrzaj" ]
              }, {
                "status" : "info",
                "place" : {
                  "filePath" : "addGodinaTest.gspec",
                  "lineNumber" : 34
                },
                "name" : "contains godina",
                "highlight" : [ "glavniSadrzaj", "godina" ]
              } ]
            } ]
          } ],
          "objects" : {
            "meni" : {
              "area" : [ 0, 70, 1011, 42 ]
            },
            "side" : {
              "area" : [ 0, 127, 354, 1120 ]
            },
            "glavniSadrzaj" : {
              "area" : [ 353, 127, 658, 1120 ]
            },
            "inputT" : {
              "area" : [ 35, 215, 287, 22 ]
            },
            "footer" : {
              "area" : [ 0, 1247, 1011, 66 ]
            },
            "inputS" : {
              "area" : [ 163, 442, 89, 22 ]
            },
            "inputB" : {
              "area" : [ 35, 442, 88, 22 ]
            },
            "naziv" : {
              "area" : [ 779, 0, 232, 67 ]
            },
            "logo" : {
              "area" : [ 0, 0, 50, 50 ]
            },
            "header" : {
              "area" : [ 0, 0, 1011, 128 ]
            },
            "godina" : {
              "area" : [ 552, 137, 260, 260 ]
            }
          },
          "screenshot" : "layout-1-screenshot.png",
          "type" : "layout"
        } ],
        "time" : 1541534719244,
        "type" : "node"
      } ],
      "time" : 1541534714832,
      "type" : "node"
    } ]
  }
}