{
  "testId" : "1-addzadataktest.gspec",
  "name" : "addZadatakTest.gspec",
  "report" : {
    "nodes" : [ {
      "name" : "Simple check",
      "status" : "info",
      "nodes" : [ {
        "name" : "check  addZadatakTest.gspec --url http://localhost/addZadatak.html --size 1024x768 --htmlreport izvjestaji",
        "status" : "info",
        "nodes" : [ {
          "name" : "Check layout: addZadatakTest.gspec included tags: ",
          "status" : "info",
          "time" : 1541534574678,
          "sections" : [ {
            "name" : "Main section",
            "place" : {
              "filePath" : "addZadatakTest.gspec",
              "lineNumber" : 15
            },
            "objects" : [ {
              "name" : "logo",
              "specs" : [ {
                "status" : "info",
                "place" : {
                  "filePath" : "addZadatakTest.gspec",
                  "lineNumber" : 17
                },
                "name" : "above meni",
                "highlight" : [ "logo", "meni" ]
              }, {
                "status" : "info",
                "place" : {
                  "filePath" : "addZadatakTest.gspec",
                  "lineNumber" : 18
                },
                "name" : "inside header < 50px top left",
                "highlight" : [ "logo", "header" ]
              } ]
            }, {
              "name" : "meni",
              "specs" : [ {
                "status" : "info",
                "place" : {
                  "filePath" : "addZadatakTest.gspec",
                  "lineNumber" : 20
                },
                "name" : "inside header",
                "highlight" : [ "meni", "header" ]
              } ]
            }, {
              "name" : "naziv",
              "specs" : [ {
                "status" : "info",
                "place" : {
                  "filePath" : "addZadatakTest.gspec",
                  "lineNumber" : 22
                },
                "name" : "inside header < 50px top right",
                "highlight" : [ "naziv", "header" ]
              }, {
                "status" : "info",
                "place" : {
                  "filePath" : "addZadatakTest.gspec",
                  "lineNumber" : 23
                },
                "name" : "right-of logo",
                "highlight" : [ "naziv", "logo" ]
              } ]
            }, {
              "name" : "glavniSadrzaj",
              "specs" : [ {
                "status" : "info",
                "place" : {
                  "filePath" : "addZadatakTest.gspec",
                  "lineNumber" : 25
                },
                "name" : "below header -2 to 2 px",
                "highlight" : [ "glavniSadrzaj", "header" ]
              }, {
                "status" : "info",
                "place" : {
                  "filePath" : "addZadatakTest.gspec",
                  "lineNumber" : 26
                },
                "name" : "above footer",
                "highlight" : [ "glavniSadrzaj", "footer" ]
              }, {
                "status" : "info",
                "place" : {
                  "filePath" : "addZadatakTest.gspec",
                  "lineNumber" : 27
                },
                "name" : "width ~85% of screen/width",
                "highlight" : [ "glavniSadrzaj" ]
              }, {
                "status" : "info",
                "place" : {
                  "filePath" : "addZadatakTest.gspec",
                  "lineNumber" : 28
                },
                "name" : "centered horizontally inside screen",
                "highlight" : [ "glavniSadrzaj", "screen" ]
              } ]
            }, {
              "name" : "form",
              "specs" : [ {
                "status" : "info",
                "place" : {
                  "filePath" : "addZadatakTest.gspec",
                  "lineNumber" : 30
                },
                "name" : "contains inputT, inputF, inputS, select",
                "highlight" : [ "form", "inputT", "inputF", "inputS", "select" ]
              } ]
            } ]
          } ],
          "objects" : {
            "meni" : {
              "area" : [ 0, 70, 1011, 42 ]
            },
            "glavniSadrzaj" : {
              "area" : [ 75, 127, 859, 444 ]
            },
            "inputF" : {
              "area" : [ 362, 315, 253, 22 ]
            },
            "select" : {
              "area" : [ 362, 387, 175, 19 ]
            },
            "form" : {
              "area" : [ 330, 170, 350, 354 ]
            },
            "footer" : {
              "area" : [ 0, 571, 1011, 67 ]
            },
            "inputT" : {
              "area" : [ 362, 243, 179, 22 ]
            },
            "inputS" : {
              "area" : [ 540, 423, 87, 27 ]
            },
            "naziv" : {
              "area" : [ 769, 0, 242, 67 ]
            },
            "logo" : {
              "area" : [ 0, 0, 50, 50 ]
            },
            "header" : {
              "area" : [ 0, 0, 1011, 128 ]
            },
            "screen" : {
              "area" : [ 0, 0, 1011, 638 ]
            }
          },
          "screenshot" : "layout-1-screenshot.png",
          "type" : "layout"
        } ],
        "time" : 1541534572964,
        "type" : "node"
      } ],
      "time" : 1541534568482,
      "type" : "node"
    } ]
  }
}