{
  "testId" : "1-addzadataktest600.gspec",
  "name" : "addZadatakTest600.gspec",
  "report" : {
    "nodes" : [ {
      "name" : "Simple check",
      "status" : "info",
      "nodes" : [ {
        "name" : "check  addZadatakTest600.gspec --url http://localhost/addZadatak.html --size 500x768 --htmlreport izvjestaji",
        "status" : "info",
        "nodes" : [ {
          "name" : "Check layout: addZadatakTest600.gspec included tags: ",
          "status" : "info",
          "time" : 1541537335397,
          "sections" : [ {
            "name" : "Main section",
            "place" : {
              "filePath" : "addZadatakTest600.gspec",
              "lineNumber" : 4
            },
            "objects" : [ {
              "name" : "glavniSadrzaj",
              "specs" : [ {
                "status" : "info",
                "place" : {
                  "filePath" : "addZadatakTest600.gspec",
                  "lineNumber" : 6
                },
                "name" : "width ~100% of screen/width",
                "highlight" : [ "glavniSadrzaj" ]
              } ]
            } ]
          } ],
          "objects" : {
            "glavniSadrzaj" : {
              "area" : [ 0, 134, 470, 638 ]
            }
          },
          "screenshot" : "layout-1-screenshot.png",
          "type" : "layout"
        } ],
        "time" : 1541537334404,
        "type" : "node"
      } ],
      "time" : 1541537329902,
      "type" : "node"
    } ]
  }
}