{
  "testId" : "1-addvjezbatest.gspec",
  "name" : "addVjezbaTest.gspec",
  "report" : {
    "nodes" : [ {
      "name" : "Simple check",
      "status" : "info",
      "nodes" : [ {
        "name" : "check  addVjezbaTest.gspec --url http://localhost/addVjezba.html --size 1024x768 --htmlreport izvjestaji",
        "status" : "info",
        "nodes" : [ {
          "name" : "Check layout: addVjezbaTest.gspec included tags: ",
          "status" : "info",
          "time" : 1541534621877,
          "sections" : [ {
            "name" : "Main section",
            "place" : {
              "filePath" : "addVjezbaTest.gspec",
              "lineNumber" : 22
            },
            "objects" : [ {
              "name" : "logo",
              "specs" : [ {
                "status" : "info",
                "place" : {
                  "filePath" : "addVjezbaTest.gspec",
                  "lineNumber" : 24
                },
                "name" : "above meni",
                "highlight" : [ "logo", "meni" ]
              }, {
                "status" : "info",
                "place" : {
                  "filePath" : "addVjezbaTest.gspec",
                  "lineNumber" : 25
                },
                "name" : "inside header < 50px top left",
                "highlight" : [ "logo", "header" ]
              } ]
            }, {
              "name" : "meni",
              "specs" : [ {
                "status" : "info",
                "place" : {
                  "filePath" : "addVjezbaTest.gspec",
                  "lineNumber" : 27
                },
                "name" : "inside header",
                "highlight" : [ "meni", "header" ]
              } ]
            }, {
              "name" : "naziv",
              "specs" : [ {
                "status" : "info",
                "place" : {
                  "filePath" : "addVjezbaTest.gspec",
                  "lineNumber" : 29
                },
                "name" : "inside header < 50px top right",
                "highlight" : [ "naziv", "header" ]
              }, {
                "status" : "info",
                "place" : {
                  "filePath" : "addVjezbaTest.gspec",
                  "lineNumber" : 30
                },
                "name" : "right-of logo",
                "highlight" : [ "naziv", "logo" ]
              } ]
            }, {
              "name" : "glavniSadrzaj",
              "specs" : [ {
                "status" : "info",
                "place" : {
                  "filePath" : "addVjezbaTest.gspec",
                  "lineNumber" : 32
                },
                "name" : "below header -2 to 2 px",
                "highlight" : [ "glavniSadrzaj", "header" ]
              }, {
                "status" : "info",
                "place" : {
                  "filePath" : "addVjezbaTest.gspec",
                  "lineNumber" : 33
                },
                "name" : "above footer",
                "highlight" : [ "glavniSadrzaj", "footer" ]
              }, {
                "status" : "info",
                "place" : {
                  "filePath" : "addVjezbaTest.gspec",
                  "lineNumber" : 34
                },
                "name" : "width ~85% of screen/width",
                "highlight" : [ "glavniSadrzaj" ]
              }, {
                "status" : "info",
                "place" : {
                  "filePath" : "addVjezbaTest.gspec",
                  "lineNumber" : 35
                },
                "name" : "centered horizontally inside screen",
                "highlight" : [ "glavniSadrzaj", "screen" ]
              }, {
                "status" : "info",
                "place" : {
                  "filePath" : "addVjezbaTest.gspec",
                  "lineNumber" : 37
                },
                "name" : "contains fPostojeca fNova",
                "highlight" : [ "glavniSadrzaj", "fPostojeca", "fNova" ]
              } ]
            }, {
              "name" : "fPostojeca",
              "specs" : [ {
                "status" : "info",
                "place" : {
                  "filePath" : "addVjezbaTest.gspec",
                  "lineNumber" : 39
                },
                "name" : "above fNova",
                "highlight" : [ "fPostojeca", "fNova" ]
              }, {
                "status" : "info",
                "place" : {
                  "filePath" : "addVjezbaTest.gspec",
                  "lineNumber" : 40
                },
                "name" : "contains sGodine, sVjezbe",
                "highlight" : [ "fPostojeca", "sGodine", "sVjezbe" ]
              } ]
            }, {
              "name" : "fNova",
              "specs" : [ {
                "status" : "info",
                "place" : {
                  "filePath" : "addVjezbaTest.gspec",
                  "lineNumber" : 42
                },
                "name" : "contains inputT, dZadatak, checkbox, sGodine2, sZadatak",
                "highlight" : [ "fNova", "inputT", "dZadatak", "checkbox", "sGodine2", "sZadatak" ]
              } ]
            }, {
              "name" : "footer",
              "specs" : [ {
                "status" : "info",
                "place" : {
                  "filePath" : "addVjezbaTest.gspec",
                  "lineNumber" : 44
                },
                "name" : "below glavniSadrzaj",
                "highlight" : [ "footer", "glavniSadrzaj" ]
              } ]
            } ]
          } ],
          "objects" : {
            "meni" : {
              "area" : [ 0, 70, 1011, 42 ]
            },
            "glavniSadrzaj" : {
              "area" : [ 75, 127, 859, 545 ]
            },
            "footer" : {
              "area" : [ 0, 672, 1011, 66 ]
            },
            "inputT" : {
              "area" : [ 350, 400, 214, 22 ]
            },
            "sGodine2" : {
              "area" : [ 350, 450, 210, 19 ]
            },
            "naziv" : {
              "area" : [ 700, 0, 310, 67 ]
            },
            "sGodine" : {
              "area" : [ 350, 193, 210, 19 ]
            },
            "screen" : {
              "area" : [ 0, 0, 1011, 739 ]
            },
            "sZadatak" : {
              "area" : [ 350, 568, 175, 19 ]
            },
            "sVjezbe" : {
              "area" : [ 350, 252, 210, 19 ]
            },
            "dZadatak" : {
              "area" : [ 530, 567, 101, 20 ]
            },
            "fNova" : {
              "area" : [ 330, 345, 350, 283 ]
            },
            "fPostojeca" : {
              "area" : [ 330, 137, 350, 174 ]
            },
            "checkbox" : {
              "area" : [ 350, 601, 13, 13 ]
            },
            "logo" : {
              "area" : [ 0, 0, 50, 50 ]
            },
            "header" : {
              "area" : [ 0, 0, 1011, 128 ]
            }
          },
          "screenshot" : "layout-1-screenshot.png",
          "type" : "layout"
        } ],
        "time" : 1541534619539,
        "type" : "node"
      } ],
      "time" : 1541534615096,
      "type" : "node"
    } ]
  }
}