{
  "testId" : "1-commititest.gspec",
  "name" : "commitiTest.gspec",
  "report" : {
    "nodes" : [ {
      "name" : "Simple check",
      "status" : "info",
      "nodes" : [ {
        "name" : "check  commitiTest.gspec --url http://localhost/commiti.html --size 1024x768 --htmlreport izvjestaji",
        "status" : "info",
        "nodes" : [ {
          "name" : "Check layout: commitiTest.gspec included tags: ",
          "status" : "info",
          "time" : 1541534476400,
          "sections" : [ {
            "name" : "Main section",
            "place" : {
              "filePath" : "commitiTest.gspec",
              "lineNumber" : 10
            },
            "objects" : [ {
              "name" : "logo",
              "specs" : [ {
                "status" : "info",
                "place" : {
                  "filePath" : "commitiTest.gspec",
                  "lineNumber" : 12
                },
                "name" : "above meni",
                "highlight" : [ "logo", "meni" ]
              }, {
                "status" : "info",
                "place" : {
                  "filePath" : "commitiTest.gspec",
                  "lineNumber" : 13
                },
                "name" : "inside header < 50px top left",
                "highlight" : [ "logo", "header" ]
              } ]
            }, {
              "name" : "meni",
              "specs" : [ {
                "status" : "info",
                "place" : {
                  "filePath" : "commitiTest.gspec",
                  "lineNumber" : 15
                },
                "name" : "inside header",
                "highlight" : [ "meni", "header" ]
              } ]
            }, {
              "name" : "naziv",
              "specs" : [ {
                "status" : "info",
                "place" : {
                  "filePath" : "commitiTest.gspec",
                  "lineNumber" : 17
                },
                "name" : "inside header < 50px top right",
                "highlight" : [ "naziv", "header" ]
              }, {
                "status" : "info",
                "place" : {
                  "filePath" : "commitiTest.gspec",
                  "lineNumber" : 18
                },
                "name" : "right-of logo",
                "highlight" : [ "naziv", "logo" ]
              } ]
            }, {
              "name" : "commiti",
              "specs" : [ {
                "status" : "info",
                "place" : {
                  "filePath" : "commitiTest.gspec",
                  "lineNumber" : 20
                },
                "name" : "below header",
                "highlight" : [ "commiti", "header" ]
              }, {
                "status" : "info",
                "place" : {
                  "filePath" : "commitiTest.gspec",
                  "lineNumber" : 21
                },
                "name" : "above footer",
                "highlight" : [ "commiti", "footer" ]
              }, {
                "status" : "info",
                "place" : {
                  "filePath" : "commitiTest.gspec",
                  "lineNumber" : 22
                },
                "name" : "below glavniH3",
                "highlight" : [ "commiti", "glavniH3" ]
              } ]
            } ]
          } ],
          "objects" : {
            "meni" : {
              "area" : [ 0, 70, 1011, 42 ]
            },
            "glavniH3" : {
              "area" : [ 50, 176, 961, 22 ]
            },
            "footer" : {
              "area" : [ 0, 571, 1011, 67 ]
            },
            "commiti" : {
              "area" : [ 50, 326, 768, 212 ]
            },
            "naziv" : {
              "area" : [ 792, 0, 218, 67 ]
            },
            "logo" : {
              "area" : [ 0, 0, 50, 50 ]
            },
            "header" : {
              "area" : [ 0, 0, 1011, 128 ]
            }
          },
          "screenshot" : "layout-1-screenshot.png",
          "type" : "layout"
        } ],
        "time" : 1541534474495,
        "type" : "node"
      } ],
      "time" : 1541534469837,
      "type" : "node"
    } ]
  }
}