{
  "testId" : "1-logintest.gspec",
  "name" : "loginTest.gspec",
  "report" : {
    "nodes" : [ {
      "name" : "Simple check",
      "status" : "info",
      "nodes" : [ {
        "name" : "check  loginTest.gspec --url http://localhost/login.html --size 1024x768 --htmlreport izvjestaji",
        "status" : "info",
        "nodes" : [ {
          "name" : "Check layout: loginTest.gspec included tags: ",
          "status" : "info",
          "time" : 1541534271431,
          "sections" : [ {
            "name" : "Main section",
            "place" : {
              "filePath" : "loginTest.gspec",
              "lineNumber" : 6
            },
            "objects" : [ {
              "name" : "form",
              "specs" : [ {
                "status" : "info",
                "place" : {
                  "filePath" : "loginTest.gspec",
                  "lineNumber" : 8
                },
                "name" : "inside login",
                "highlight" : [ "form", "login" ]
              } ]
            }, {
              "name" : "input",
              "specs" : [ {
                "status" : "info",
                "place" : {
                  "filePath" : "loginTest.gspec",
                  "lineNumber" : 10
                },
                "name" : "inside form",
                "highlight" : [ "input", "form" ]
              } ]
            }, {
              "name" : "login",
              "specs" : [ {
                "status" : "info",
                "place" : {
                  "filePath" : "loginTest.gspec",
                  "lineNumber" : 12
                },
                "name" : "centered all inside screen",
                "highlight" : [ "login", "screen" ]
              } ]
            } ]
          } ],
          "objects" : {
            "input" : {
              "area" : [ 464, 264, 161, 22 ]
            },
            "form" : {
              "area" : [ 330, 219, 315, 155 ]
            },
            "screen" : {
              "area" : [ 0, 0, 1011, 638 ]
            },
            "login" : {
              "area" : [ 330, 219, 350, 200 ]
            }
          },
          "screenshot" : "layout-1-screenshot.png",
          "type" : "layout"
        } ],
        "time" : 1541534270283,
        "type" : "node"
      } ],
      "time" : 1541534265636,
      "type" : "node"
    } ]
  }
}