{
  "testId" : "1-studentitest.gspec",
  "name" : "studentiTest.gspec",
  "report" : {
    "nodes" : [ {
      "name" : "Simple check",
      "status" : "info",
      "nodes" : [ {
        "name" : "check  studentiTest.gspec --url http://localhost/studenti.html --size 1024x768 --htmlreport izvjestaji",
        "status" : "info",
        "nodes" : [ {
          "name" : "Check layout: studentiTest.gspec included tags: ",
          "status" : "info",
          "time" : 1541534355922,
          "sections" : [ {
            "name" : "Main section",
            "place" : {
              "filePath" : "studentiTest.gspec",
              "lineNumber" : 12
            },
            "objects" : [ {
              "name" : "logo",
              "specs" : [ {
                "status" : "info",
                "place" : {
                  "filePath" : "studentiTest.gspec",
                  "lineNumber" : 14
                },
                "name" : "above meni",
                "highlight" : [ "logo", "meni" ]
              }, {
                "status" : "info",
                "place" : {
                  "filePath" : "studentiTest.gspec",
                  "lineNumber" : 15
                },
                "name" : "inside header < 50px top left",
                "highlight" : [ "logo", "header" ]
              } ]
            }, {
              "name" : "meni",
              "specs" : [ {
                "status" : "info",
                "place" : {
                  "filePath" : "studentiTest.gspec",
                  "lineNumber" : 17
                },
                "name" : "inside header",
                "highlight" : [ "meni", "header" ]
              } ]
            }, {
              "name" : "naziv",
              "specs" : [ {
                "status" : "info",
                "place" : {
                  "filePath" : "studentiTest.gspec",
                  "lineNumber" : 19
                },
                "name" : "inside header < 50px top right",
                "highlight" : [ "naziv", "header" ]
              }, {
                "status" : "info",
                "place" : {
                  "filePath" : "studentiTest.gspec",
                  "lineNumber" : 20
                },
                "name" : "right-of logo",
                "highlight" : [ "naziv", "logo" ]
              } ]
            }, {
              "name" : "side",
              "specs" : [ {
                "status" : "info",
                "place" : {
                  "filePath" : "studentiTest.gspec",
                  "lineNumber" : 22
                },
                "name" : "below header ~0px",
                "highlight" : [ "side", "header" ]
              }, {
                "status" : "info",
                "place" : {
                  "filePath" : "studentiTest.gspec",
                  "lineNumber" : 23
                },
                "name" : "left-of glavniSadrzaj ~0px",
                "highlight" : [ "side", "glavniSadrzaj" ]
              }, {
                "status" : "info",
                "place" : {
                  "filePath" : "studentiTest.gspec",
                  "lineNumber" : 24
                },
                "name" : "width 35% of screen/width",
                "highlight" : [ "side" ]
              } ]
            }, {
              "name" : "glavniSadrzaj",
              "specs" : [ {
                "status" : "info",
                "place" : {
                  "filePath" : "studentiTest.gspec",
                  "lineNumber" : 26
                },
                "name" : "width 65% of screen/width",
                "highlight" : [ "glavniSadrzaj" ]
              } ]
            }, {
              "name" : "footer",
              "specs" : [ {
                "status" : "info",
                "place" : {
                  "filePath" : "studentiTest.gspec",
                  "lineNumber" : 28
                },
                "name" : "below side ~0px",
                "highlight" : [ "footer", "side" ]
              }, {
                "status" : "info",
                "place" : {
                  "filePath" : "studentiTest.gspec",
                  "lineNumber" : 29
                },
                "name" : "below glavniSadrzaj ~0px",
                "highlight" : [ "footer", "glavniSadrzaj" ]
              } ]
            }, {
              "name" : "ulGodine",
              "specs" : [ {
                "status" : "info",
                "place" : {
                  "filePath" : "studentiTest.gspec",
                  "lineNumber" : 31
                },
                "name" : "inside side",
                "highlight" : [ "ulGodine", "side" ]
              } ]
            }, {
              "name" : "table",
              "specs" : [ {
                "status" : "info",
                "place" : {
                  "filePath" : "studentiTest.gspec",
                  "lineNumber" : 33
                },
                "name" : "inside glavniSadrzaj",
                "highlight" : [ "table", "glavniSadrzaj" ]
              } ]
            } ]
          } ],
          "objects" : {
            "meni" : {
              "area" : [ 0, 70, 1011, 42 ]
            },
            "side" : {
              "area" : [ 0, 127, 354, 636 ]
            },
            "glavniSadrzaj" : {
              "area" : [ 353, 127, 658, 636 ]
            },
            "footer" : {
              "area" : [ 0, 763, 1011, 67 ]
            },
            "ulGodine" : {
              "area" : [ 105, 194, 143, 324 ]
            },
            "naziv" : {
              "area" : [ 777, 0, 234, 67 ]
            },
            "logo" : {
              "area" : [ 0, 0, 50, 50 ]
            },
            "header" : {
              "area" : [ 0, 0, 1011, 128 ]
            },
            "table" : {
              "area" : [ 458, 193, 448, 505 ]
            }
          },
          "screenshot" : "layout-1-screenshot.png",
          "type" : "layout"
        } ],
        "time" : 1541534353839,
        "type" : "node"
      } ],
      "time" : 1541534349369,
      "type" : "node"
    } ]
  }
}