{
  "testId" : "1-studentitest600.gspec",
  "name" : "studentiTest600.gspec",
  "report" : {
    "nodes" : [ {
      "name" : "Simple check",
      "status" : "info",
      "nodes" : [ {
        "name" : "check  studentiTest600.gspec --url http://localhost/studenti.html --size 500x768 --htmlreport izvjestaji",
        "status" : "info",
        "nodes" : [ {
          "name" : "Check layout: studentiTest600.gspec included tags: ",
          "status" : "info",
          "time" : 1541537392093,
          "sections" : [ {
            "name" : "Main section",
            "place" : {
              "filePath" : "studentiTest600.gspec",
              "lineNumber" : 5
            },
            "objects" : [ {
              "name" : "glavniSadrzaj",
              "specs" : [ {
                "status" : "info",
                "place" : {
                  "filePath" : "studentiTest600.gspec",
                  "lineNumber" : 7
                },
                "name" : "below side ~0 px",
                "highlight" : [ "glavniSadrzaj", "side" ]
              } ]
            } ]
          } ],
          "objects" : {
            "glavniSadrzaj" : {
              "area" : [ 0, 264, 470, 599 ]
            },
            "side" : {
              "area" : [ 0, 134, 470, 130 ]
            }
          },
          "screenshot" : "layout-1-screenshot.png",
          "type" : "layout"
        } ],
        "time" : 1541537390983,
        "type" : "node"
      } ],
      "time" : 1541537386454,
      "type" : "node"
    } ]
  }
}