{
  "testId" : "1-zadacitest600.gspec",
  "name" : "zadaciTest600.gspec",
  "report" : {
    "nodes" : [ {
      "name" : "Simple check",
      "status" : "info",
      "nodes" : [ {
        "name" : "check  zadaciTest600.gspec --url http://localhost/zadaci.html --size 500x768 --htmlreport izvjestaji",
        "status" : "info",
        "nodes" : [ {
          "name" : "Check layout: zadaciTest600.gspec included tags: ",
          "status" : "info",
          "time" : 1541537416403,
          "sections" : [ {
            "name" : "Main section",
            "place" : {
              "filePath" : "zadaciTest600.gspec",
              "lineNumber" : 4
            },
            "objects" : [ {
              "name" : "cetvrtina2",
              "specs" : [ {
                "status" : "info",
                "place" : {
                  "filePath" : "zadaciTest600.gspec",
                  "lineNumber" : 6
                },
                "name" : "below cetvrtina ~0px",
                "highlight" : [ "cetvrtina2", "cetvrtina" ]
              } ]
            } ]
          } ],
          "objects" : {
            "cetvrtina2" : {
              "area" : [ 0, 307, 471, 242 ]
            },
            "cetvrtina" : {
              "area" : [ 0, 134, 473, 174 ]
            }
          },
          "screenshot" : "layout-1-screenshot.png",
          "type" : "layout"
        } ],
        "time" : 1541537415373,
        "type" : "node"
      } ],
      "time" : 1541537410924,
      "type" : "node"
    } ]
  }
}