{
  "testId" : "1-zadacitest.gspec",
  "name" : "zadaciTest.gspec",
  "report" : {
    "nodes" : [ {
      "name" : "Simple check",
      "status" : "info",
      "nodes" : [ {
        "name" : "check  zadaciTest.gspec --url http://localhost/zadaci.html --size 1024x768 --htmlreport izvjestaji",
        "status" : "info",
        "nodes" : [ {
          "name" : "Check layout: zadaciTest.gspec included tags: ",
          "status" : "info",
          "time" : 1541534425644,
          "sections" : [ {
            "name" : "Main section",
            "place" : {
              "filePath" : "zadaciTest.gspec",
              "lineNumber" : 12
            },
            "objects" : [ {
              "name" : "logo",
              "specs" : [ {
                "status" : "info",
                "place" : {
                  "filePath" : "zadaciTest.gspec",
                  "lineNumber" : 14
                },
                "name" : "above meni",
                "highlight" : [ "logo", "meni" ]
              }, {
                "status" : "info",
                "place" : {
                  "filePath" : "zadaciTest.gspec",
                  "lineNumber" : 15
                },
                "name" : "inside header < 50px top left",
                "highlight" : [ "logo", "header" ]
              } ]
            }, {
              "name" : "meni",
              "specs" : [ {
                "status" : "info",
                "place" : {
                  "filePath" : "zadaciTest.gspec",
                  "lineNumber" : 17
                },
                "name" : "inside header",
                "highlight" : [ "meni", "header" ]
              } ]
            }, {
              "name" : "naziv",
              "specs" : [ {
                "status" : "info",
                "place" : {
                  "filePath" : "zadaciTest.gspec",
                  "lineNumber" : 19
                },
                "name" : "inside header < 50px top right",
                "highlight" : [ "naziv", "header" ]
              }, {
                "status" : "info",
                "place" : {
                  "filePath" : "zadaciTest.gspec",
                  "lineNumber" : 20
                },
                "name" : "right-of logo",
                "highlight" : [ "naziv", "logo" ]
              } ]
            }, {
              "name" : "footer",
              "specs" : [ {
                "status" : "info",
                "place" : {
                  "filePath" : "zadaciTest.gspec",
                  "lineNumber" : 22
                },
                "name" : "below cetvrtina ~0px",
                "highlight" : [ "footer", "cetvrtina" ]
              }, {
                "status" : "info",
                "place" : {
                  "filePath" : "zadaciTest.gspec",
                  "lineNumber" : 23
                },
                "name" : "below polovina ~0px",
                "highlight" : [ "footer", "polovina" ]
              } ]
            }, {
              "name" : "cetvrtina",
              "specs" : [ {
                "status" : "info",
                "place" : {
                  "filePath" : "zadaciTest.gspec",
                  "lineNumber" : 25
                },
                "name" : "below header ~0px",
                "highlight" : [ "cetvrtina", "header" ]
              }, {
                "status" : "info",
                "place" : {
                  "filePath" : "zadaciTest.gspec",
                  "lineNumber" : 26
                },
                "name" : "width 25% of screen/width",
                "highlight" : [ "cetvrtina" ]
              } ]
            }, {
              "name" : "polovina",
              "specs" : [ {
                "status" : "info",
                "place" : {
                  "filePath" : "zadaciTest.gspec",
                  "lineNumber" : 28
                },
                "name" : "right-of cetvrtina > 0px",
                "highlight" : [ "polovina", "cetvrtina" ]
              }, {
                "status" : "info",
                "place" : {
                  "filePath" : "zadaciTest.gspec",
                  "lineNumber" : 29
                },
                "name" : "width 50% of screen/width",
                "highlight" : [ "polovina" ]
              } ]
            }, {
              "name" : "item",
              "specs" : [ {
                "status" : "info",
                "place" : {
                  "filePath" : "zadaciTest.gspec",
                  "lineNumber" : 31
                },
                "name" : "inside folder",
                "highlight" : [ "item", "folder" ]
              } ]
            } ]
          } ],
          "objects" : {
            "meni" : {
              "area" : [ 0, 70, 1011, 42 ]
            },
            "item" : {
              "area" : [ 601, 187, 102, 102 ]
            },
            "folder" : {
              "area" : [ 578, 147, 358, 366 ]
            },
            "footer" : {
              "area" : [ 0, 800, 1011, 67 ]
            },
            "naziv" : {
              "area" : [ 828, 0, 182, 67 ]
            },
            "logo" : {
              "area" : [ 0, 0, 50, 50 ]
            },
            "header" : {
              "area" : [ 0, 0, 1011, 128 ]
            },
            "polovina" : {
              "area" : [ 505, 127, 506, 673 ]
            },
            "cetvrtina" : {
              "area" : [ 0, 127, 253, 673 ]
            }
          },
          "screenshot" : "layout-1-screenshot.png",
          "type" : "layout"
        } ],
        "time" : 1541534423888,
        "type" : "node"
      } ],
      "time" : 1541534419379,
      "type" : "node"
    } ]
  }
}