{
  "tests" : [ {
    "name" : "Test on firefox on mobile",
    "startedAt" : 1541506375094,
    "endedAt" : 1541506386320,
    "failed" : false,
    "statistic" : {
      "passed" : 3,
      "errors" : 0,
      "warnings" : 0,
      "total" : 3
    },
    "testId" : "1-test-on-firefox-on-mobile",
    "duration" : 11226,
    "groups" : [ ],
    "failed" : false
  }, {
    "name" : "Test on firefox on desktop",
    "startedAt" : 1541506386321,
    "endedAt" : 1541506393670,
    "failed" : false,
    "statistic" : {
      "passed" : 3,
      "errors" : 0,
      "warnings" : 0,
      "total" : 3
    },
    "testId" : "2-test-on-firefox-on-desktop",
    "duration" : 7349,
    "groups" : [ ],
    "failed" : false
  } ]
}