{
  "testId" : "1-studentitestlarge.gspec",
  "name" : "StudentiTestLarge.gspec",
  "report" : {
    "nodes" : [ {
      "name" : "Simple check",
      "status" : "info",
      "nodes" : [ {
        "name" : "check  StudentiTestLarge.gspec --url http://localhost/studenti.html --size 1024x768 --htmlreport izvjestaji/StudentiTest/Large -Dwebdriver.chrome.driver=/usr/local/lib/node_modules/galenframework-cli/node_modules/chromedriver/lib/chromedriver/chromedriver -Dwebdriver.gecko.driver=/usr/local/lib/node_modules/galenframework-cli/node_modules/geckodriver/geckodriver",
        "status" : "info",
        "nodes" : [ {
          "name" : "Check layout: StudentiTestLarge.gspec included tags: ",
          "status" : "info",
          "time" : 1541247959557,
          "sections" : [ {
            "name" : "Main section",
            "place" : {
              "filePath" : "StudentiTestLarge.gspec",
              "lineNumber" : 10
            },
            "objects" : [ {
              "name" : "header",
              "specs" : [ {
                "status" : "info",
                "place" : {
                  "filePath" : "StudentiTestLarge.gspec",
                  "lineNumber" : 12
                },
                "name" : "inside screen",
                "highlight" : [ "header", "screen" ]
              }, {
                "status" : "info",
                "place" : {
                  "filePath" : "StudentiTestLarge.gspec",
                  "lineNumber" : 13
                },
                "name" : "above side 0px",
                "highlight" : [ "header", "side" ]
              }, {
                "status" : "info",
                "place" : {
                  "filePath" : "StudentiTestLarge.gspec",
                  "lineNumber" : 14
                },
                "name" : "above glavniSadrzaj 0px",
                "highlight" : [ "header", "glavniSadrzaj" ]
              } ]
            }, {
              "name" : "glavniSadrzaj",
              "specs" : [ {
                "status" : "info",
                "place" : {
                  "filePath" : "StudentiTestLarge.gspec",
                  "lineNumber" : 17
                },
                "name" : "inside screen",
                "highlight" : [ "glavniSadrzaj", "screen" ]
              }, {
                "status" : "info",
                "place" : {
                  "filePath" : "StudentiTestLarge.gspec",
                  "lineNumber" : 18
                },
                "name" : "above footer 0px",
                "highlight" : [ "glavniSadrzaj", "footer" ]
              }, {
                "status" : "info",
                "place" : {
                  "filePath" : "StudentiTestLarge.gspec",
                  "lineNumber" : 19
                },
                "name" : "right-of side 0px",
                "highlight" : [ "glavniSadrzaj", "side" ]
              }, {
                "status" : "info",
                "place" : {
                  "filePath" : "StudentiTestLarge.gspec",
                  "lineNumber" : 20
                },
                "name" : "width ~65% of body/width",
                "highlight" : [ "glavniSadrzaj" ]
              } ]
            }, {
              "name" : "side",
              "specs" : [ {
                "status" : "info",
                "place" : {
                  "filePath" : "StudentiTestLarge.gspec",
                  "lineNumber" : 23
                },
                "name" : "inside screen",
                "highlight" : [ "side", "screen" ]
              }, {
                "status" : "info",
                "place" : {
                  "filePath" : "StudentiTestLarge.gspec",
                  "lineNumber" : 24
                },
                "name" : "left-of glavniSadrzaj 0px",
                "highlight" : [ "side", "glavniSadrzaj" ]
              }, {
                "status" : "info",
                "place" : {
                  "filePath" : "StudentiTestLarge.gspec",
                  "lineNumber" : 25
                },
                "name" : "width ~35% of body/width",
                "highlight" : [ "side" ]
              } ]
            }, {
              "name" : "footer",
              "specs" : [ {
                "status" : "info",
                "place" : {
                  "filePath" : "StudentiTestLarge.gspec",
                  "lineNumber" : 28
                },
                "name" : "inside screen",
                "highlight" : [ "footer", "screen" ]
              }, {
                "status" : "info",
                "place" : {
                  "filePath" : "StudentiTestLarge.gspec",
                  "lineNumber" : 29
                },
                "name" : "below side 0px",
                "highlight" : [ "footer", "side" ]
              }, {
                "status" : "info",
                "place" : {
                  "filePath" : "StudentiTestLarge.gspec",
                  "lineNumber" : 30
                },
                "name" : "below glavniSadrzaj 0px",
                "highlight" : [ "footer", "glavniSadrzaj" ]
              } ]
            }, {
              "name" : "h1",
              "specs" : [ {
                "status" : "info",
                "place" : {
                  "filePath" : "StudentiTestLarge.gspec",
                  "lineNumber" : 33
                },
                "name" : "above meni",
                "highlight" : [ "h1", "meni" ]
              } ]
            } ]
          } ],
          "objects" : {
            "meni" : {
              "area" : [ 8, 65, 1213, 78 ]
            },
            "side" : {
              "area" : [ 8, 143, 424, 300 ]
            },
            "glavniSadrzaj" : {
              "area" : [ 432, 143, 788, 300 ]
            },
            "footer" : {
              "area" : [ 8, 443, 1212, 24 ]
            },
            "header" : {
              "area" : [ 8, 65, 1213, 78 ]
            },
            "screen" : {
              "area" : [ 0, 0, 1229, 617 ]
            },
            "h1" : {
              "area" : [ 883, 21, 326, 39 ]
            }
          },
          "screenshot" : "layout-1-screenshot.png",
          "type" : "layout"
        } ],
        "time" : 1541247957077,
        "type" : "node"
      } ],
      "time" : 1541247952705,
      "type" : "node"
    } ]
  }
}