{
  "testId" : "1-addgodinatestsmall.gspec",
  "name" : "AddGodinaTestSmall.gspec",
  "report" : {
    "nodes" : [ {
      "name" : "Simple check",
      "status" : "info",
      "nodes" : [ {
        "name" : "check  AddGodinaTestSmall.gspec --url http://localhost/addGodina.html --size 416x352 --htmlreport izvjestaji/AddGodinaTest/Small -Dwebdriver.chrome.driver=/usr/local/lib/node_modules/galenframework-cli/node_modules/chromedriver/lib/chromedriver/chromedriver -Dwebdriver.gecko.driver=/usr/local/lib/node_modules/galenframework-cli/node_modules/geckodriver/geckodriver",
        "status" : "info",
        "nodes" : [ {
          "name" : "Check layout: AddGodinaTestSmall.gspec included tags: ",
          "status" : "info",
          "time" : 1541435832481,
          "sections" : [ {
            "name" : "Main section",
            "place" : {
              "filePath" : "AddGodinaTestSmall.gspec",
              "lineNumber" : 17
            },
            "objects" : [ {
              "name" : "header",
              "specs" : [ {
                "status" : "info",
                "place" : {
                  "filePath" : "AddGodinaTestSmall.gspec",
                  "lineNumber" : 19
                },
                "name" : "inside screen",
                "highlight" : [ "header", "screen" ]
              }, {
                "status" : "info",
                "place" : {
                  "filePath" : "AddGodinaTestSmall.gspec",
                  "lineNumber" : 20
                },
                "name" : "above side ~10px",
                "highlight" : [ "header", "side" ]
              } ]
            }, {
              "name" : "side",
              "specs" : [ {
                "status" : "info",
                "place" : {
                  "filePath" : "AddGodinaTestSmall.gspec",
                  "lineNumber" : 23
                },
                "name" : "inside screen",
                "highlight" : [ "side", "screen" ]
              }, {
                "status" : "info",
                "place" : {
                  "filePath" : "AddGodinaTestSmall.gspec",
                  "lineNumber" : 24
                },
                "name" : "above glavniSadrzaj ~10px",
                "highlight" : [ "side", "glavniSadrzaj" ]
              }, {
                "status" : "info",
                "place" : {
                  "filePath" : "AddGodinaTestSmall.gspec",
                  "lineNumber" : 25
                },
                "name" : "width ~100% of body/width",
                "highlight" : [ "side" ]
              } ]
            }, {
              "name" : "glavniSadrzaj",
              "specs" : [ {
                "status" : "info",
                "place" : {
                  "filePath" : "AddGodinaTestSmall.gspec",
                  "lineNumber" : 28
                },
                "name" : "inside screen",
                "highlight" : [ "glavniSadrzaj", "screen" ]
              }, {
                "status" : "info",
                "place" : {
                  "filePath" : "AddGodinaTestSmall.gspec",
                  "lineNumber" : 29
                },
                "name" : "below side ~10px",
                "highlight" : [ "glavniSadrzaj", "side" ]
              }, {
                "status" : "info",
                "place" : {
                  "filePath" : "AddGodinaTestSmall.gspec",
                  "lineNumber" : 30
                },
                "name" : "width ~100% of body/width",
                "highlight" : [ "glavniSadrzaj" ]
              } ]
            }, {
              "name" : "naziv",
              "specs" : [ {
                "status" : "info",
                "place" : {
                  "filePath" : "AddGodinaTestSmall.gspec",
                  "lineNumber" : 33
                },
                "name" : "inside side",
                "highlight" : [ "naziv", "side" ]
              }, {
                "status" : "info",
                "place" : {
                  "filePath" : "AddGodinaTestSmall.gspec",
                  "lineNumber" : 34
                },
                "name" : "above rvjezbe",
                "highlight" : [ "naziv", "rvjezbe" ]
              } ]
            }, {
              "name" : "rvjezbe",
              "specs" : [ {
                "status" : "info",
                "place" : {
                  "filePath" : "AddGodinaTestSmall.gspec",
                  "lineNumber" : 37
                },
                "name" : "inside side",
                "highlight" : [ "rvjezbe", "side" ]
              }, {
                "status" : "info",
                "place" : {
                  "filePath" : "AddGodinaTestSmall.gspec",
                  "lineNumber" : 38
                },
                "name" : "above rspiral",
                "highlight" : [ "rvjezbe", "rspiral" ]
              } ]
            }, {
              "name" : "rspiral",
              "specs" : [ {
                "status" : "info",
                "place" : {
                  "filePath" : "AddGodinaTestSmall.gspec",
                  "lineNumber" : 41
                },
                "name" : "inside side",
                "highlight" : [ "rspiral", "side" ]
              } ]
            }, {
              "name" : "dugmeReset",
              "specs" : [ {
                "status" : "info",
                "place" : {
                  "filePath" : "AddGodinaTestSmall.gspec",
                  "lineNumber" : 44
                },
                "name" : "inside side",
                "highlight" : [ "dugmeReset", "side" ]
              }, {
                "status" : "info",
                "place" : {
                  "filePath" : "AddGodinaTestSmall.gspec",
                  "lineNumber" : 45
                },
                "name" : "below rspiral",
                "highlight" : [ "dugmeReset", "rspiral" ]
              }, {
                "status" : "info",
                "place" : {
                  "filePath" : "AddGodinaTestSmall.gspec",
                  "lineNumber" : 46
                },
                "name" : "left-of dugmeSubmit",
                "highlight" : [ "dugmeReset", "dugmeSubmit" ]
              } ]
            }, {
              "name" : "dugmeSubmit",
              "specs" : [ {
                "status" : "info",
                "place" : {
                  "filePath" : "AddGodinaTestSmall.gspec",
                  "lineNumber" : 49
                },
                "name" : "inside side",
                "highlight" : [ "dugmeSubmit", "side" ]
              }, {
                "status" : "info",
                "place" : {
                  "filePath" : "AddGodinaTestSmall.gspec",
                  "lineNumber" : 50
                },
                "name" : "below rspiral",
                "highlight" : [ "dugmeSubmit", "rspiral" ]
              }, {
                "status" : "info",
                "place" : {
                  "filePath" : "AddGodinaTestSmall.gspec",
                  "lineNumber" : 51
                },
                "name" : "right-of dugmeReset",
                "highlight" : [ "dugmeSubmit", "dugmeReset" ]
              } ]
            }, {
              "name" : "godina",
              "specs" : [ {
                "status" : "info",
                "place" : {
                  "filePath" : "AddGodinaTestSmall.gspec",
                  "lineNumber" : 54
                },
                "name" : "inside glavniSadrzaj",
                "highlight" : [ "godina", "glavniSadrzaj" ]
              } ]
            }, {
              "name" : "footer",
              "specs" : [ {
                "status" : "info",
                "place" : {
                  "filePath" : "AddGodinaTestSmall.gspec",
                  "lineNumber" : 57
                },
                "name" : "inside screen",
                "highlight" : [ "footer", "screen" ]
              }, {
                "status" : "info",
                "place" : {
                  "filePath" : "AddGodinaTestSmall.gspec",
                  "lineNumber" : 58
                },
                "name" : "below glavniSadrzaj ~10px",
                "highlight" : [ "footer", "glavniSadrzaj" ]
              } ]
            }, {
              "name" : "h1",
              "specs" : [ {
                "status" : "info",
                "place" : {
                  "filePath" : "AddGodinaTestSmall.gspec",
                  "lineNumber" : 61
                },
                "name" : "inside header",
                "highlight" : [ "h1", "header" ]
              }, {
                "status" : "info",
                "place" : {
                  "filePath" : "AddGodinaTestSmall.gspec",
                  "lineNumber" : 62
                },
                "name" : "below meni",
                "highlight" : [ "h1", "meni" ]
              } ]
            }, {
              "name" : "logo",
              "specs" : [ {
                "status" : "info",
                "place" : {
                  "filePath" : "AddGodinaTestSmall.gspec",
                  "lineNumber" : 65
                },
                "name" : "inside header",
                "highlight" : [ "logo", "header" ]
              }, {
                "status" : "info",
                "place" : {
                  "filePath" : "AddGodinaTestSmall.gspec",
                  "lineNumber" : 66
                },
                "name" : "above meni",
                "highlight" : [ "logo", "meni" ]
              } ]
            } ]
          } ],
          "objects" : {
            "meni" : {
              "area" : [ 8, 73, 388, 195 ]
            },
            "side" : {
              "area" : [ 8, 338, 388, 420 ]
            },
            "glavniSadrzaj" : {
              "area" : [ 8, 768, 388, 656 ]
            },
            "dugmeReset" : {
              "area" : [ 21, 668, 80, 35 ]
            },
            "dugmeSubmit" : {
              "area" : [ 302, 668, 80, 35 ]
            },
            "footer" : {
              "area" : [ 8, 1434, 387, 24 ]
            },
            "naziv" : {
              "area" : [ 21, 438, 196, 34 ]
            },
            "screen" : {
              "area" : [ 0, 0, 579, 1466 ]
            },
            "h1" : {
              "area" : [ 8, 289, 388, 39 ]
            },
            "godina" : {
              "area" : [ 26, 786, 170, 140 ]
            },
            "header" : {
              "area" : [ 8, 8, 388, 320 ]
            },
            "rvjezbe" : {
              "area" : [ 21, 521, 196, 34 ]
            },
            "logo" : {
              "area" : [ 10, 10, 50, 48 ]
            },
            "rspiral" : {
              "area" : [ 21, 604, 196, 34 ]
            }
          },
          "screenshot" : "layout-1-screenshot.png",
          "type" : "layout"
        } ],
        "time" : 1541435828508,
        "type" : "node"
      } ],
      "time" : 1541435824042,
      "type" : "node"
    } ]
  }
}