{
  "testId" : "1-addgodinatestlarge.gspec",
  "name" : "AddGodinaTestLarge.gspec",
  "report" : {
    "nodes" : [ {
      "name" : "Simple check",
      "status" : "info",
      "nodes" : [ {
        "name" : "check  AddGodinaTestLarge.gspec --url http://localhost/addGodina.html --size 1024x768 --htmlreport izvjestaji/AddGodinaTest/Large -Dwebdriver.chrome.driver=/usr/local/lib/node_modules/galenframework-cli/node_modules/chromedriver/lib/chromedriver/chromedriver -Dwebdriver.gecko.driver=/usr/local/lib/node_modules/galenframework-cli/node_modules/geckodriver/geckodriver",
        "status" : "info",
        "nodes" : [ {
          "name" : "Check layout: AddGodinaTestLarge.gspec included tags: ",
          "status" : "info",
          "time" : 1541435729906,
          "sections" : [ {
            "name" : "Main section",
            "place" : {
              "filePath" : "AddGodinaTestLarge.gspec",
              "lineNumber" : 16
            },
            "objects" : [ {
              "name" : "header",
              "specs" : [ {
                "status" : "info",
                "place" : {
                  "filePath" : "AddGodinaTestLarge.gspec",
                  "lineNumber" : 18
                },
                "name" : "inside screen",
                "highlight" : [ "header", "screen" ]
              }, {
                "status" : "info",
                "place" : {
                  "filePath" : "AddGodinaTestLarge.gspec",
                  "lineNumber" : 19
                },
                "name" : "above side ~10px",
                "highlight" : [ "header", "side" ]
              }, {
                "status" : "info",
                "place" : {
                  "filePath" : "AddGodinaTestLarge.gspec",
                  "lineNumber" : 20
                },
                "name" : "above glavniSadrzaj ~10px",
                "highlight" : [ "header", "glavniSadrzaj" ]
              } ]
            }, {
              "name" : "side",
              "specs" : [ {
                "status" : "info",
                "place" : {
                  "filePath" : "AddGodinaTestLarge.gspec",
                  "lineNumber" : 23
                },
                "name" : "inside screen",
                "highlight" : [ "side", "screen" ]
              }, {
                "status" : "info",
                "place" : {
                  "filePath" : "AddGodinaTestLarge.gspec",
                  "lineNumber" : 24
                },
                "name" : "left-of glavniSadrzaj ~5px",
                "highlight" : [ "side", "glavniSadrzaj" ]
              }, {
                "status" : "info",
                "place" : {
                  "filePath" : "AddGodinaTestLarge.gspec",
                  "lineNumber" : 25
                },
                "name" : "width ~35% of body/width",
                "highlight" : [ "side" ]
              } ]
            }, {
              "name" : "glavniSadrzaj",
              "specs" : [ {
                "status" : "info",
                "place" : {
                  "filePath" : "AddGodinaTestLarge.gspec",
                  "lineNumber" : 28
                },
                "name" : "inside screen",
                "highlight" : [ "glavniSadrzaj", "screen" ]
              }, {
                "status" : "info",
                "place" : {
                  "filePath" : "AddGodinaTestLarge.gspec",
                  "lineNumber" : 29
                },
                "name" : "right-of side ~5px",
                "highlight" : [ "glavniSadrzaj", "side" ]
              }, {
                "status" : "info",
                "place" : {
                  "filePath" : "AddGodinaTestLarge.gspec",
                  "lineNumber" : 30
                },
                "name" : "width ~65% of body/width",
                "highlight" : [ "glavniSadrzaj" ]
              } ]
            }, {
              "name" : "naziv",
              "specs" : [ {
                "status" : "info",
                "place" : {
                  "filePath" : "AddGodinaTestLarge.gspec",
                  "lineNumber" : 33
                },
                "name" : "inside side",
                "highlight" : [ "naziv", "side" ]
              }, {
                "status" : "info",
                "place" : {
                  "filePath" : "AddGodinaTestLarge.gspec",
                  "lineNumber" : 34
                },
                "name" : "above rvjezbe",
                "highlight" : [ "naziv", "rvjezbe" ]
              } ]
            }, {
              "name" : "rvjezbe",
              "specs" : [ {
                "status" : "info",
                "place" : {
                  "filePath" : "AddGodinaTestLarge.gspec",
                  "lineNumber" : 37
                },
                "name" : "inside side",
                "highlight" : [ "rvjezbe", "side" ]
              }, {
                "status" : "info",
                "place" : {
                  "filePath" : "AddGodinaTestLarge.gspec",
                  "lineNumber" : 38
                },
                "name" : "above rspiral",
                "highlight" : [ "rvjezbe", "rspiral" ]
              } ]
            }, {
              "name" : "rspiral",
              "specs" : [ {
                "status" : "info",
                "place" : {
                  "filePath" : "AddGodinaTestLarge.gspec",
                  "lineNumber" : 41
                },
                "name" : "inside side",
                "highlight" : [ "rspiral", "side" ]
              } ]
            }, {
              "name" : "dugmeReset",
              "specs" : [ {
                "status" : "info",
                "place" : {
                  "filePath" : "AddGodinaTestLarge.gspec",
                  "lineNumber" : 44
                },
                "name" : "inside side",
                "highlight" : [ "dugmeReset", "side" ]
              }, {
                "status" : "info",
                "place" : {
                  "filePath" : "AddGodinaTestLarge.gspec",
                  "lineNumber" : 45
                },
                "name" : "below rspiral",
                "highlight" : [ "dugmeReset", "rspiral" ]
              }, {
                "status" : "info",
                "place" : {
                  "filePath" : "AddGodinaTestLarge.gspec",
                  "lineNumber" : 46
                },
                "name" : "left-of dugmeSubmit",
                "highlight" : [ "dugmeReset", "dugmeSubmit" ]
              } ]
            }, {
              "name" : "dugmeSubmit",
              "specs" : [ {
                "status" : "info",
                "place" : {
                  "filePath" : "AddGodinaTestLarge.gspec",
                  "lineNumber" : 49
                },
                "name" : "inside side",
                "highlight" : [ "dugmeSubmit", "side" ]
              }, {
                "status" : "info",
                "place" : {
                  "filePath" : "AddGodinaTestLarge.gspec",
                  "lineNumber" : 50
                },
                "name" : "below rspiral",
                "highlight" : [ "dugmeSubmit", "rspiral" ]
              }, {
                "status" : "info",
                "place" : {
                  "filePath" : "AddGodinaTestLarge.gspec",
                  "lineNumber" : 51
                },
                "name" : "right-of dugmeReset",
                "highlight" : [ "dugmeSubmit", "dugmeReset" ]
              } ]
            }, {
              "name" : "godina",
              "specs" : [ {
                "status" : "info",
                "place" : {
                  "filePath" : "AddGodinaTestLarge.gspec",
                  "lineNumber" : 54
                },
                "name" : "inside glavniSadrzaj",
                "highlight" : [ "godina", "glavniSadrzaj" ]
              } ]
            }, {
              "name" : "footer",
              "specs" : [ {
                "status" : "info",
                "place" : {
                  "filePath" : "AddGodinaTestLarge.gspec",
                  "lineNumber" : 57
                },
                "name" : "inside screen",
                "highlight" : [ "footer", "screen" ]
              }, {
                "status" : "info",
                "place" : {
                  "filePath" : "AddGodinaTestLarge.gspec",
                  "lineNumber" : 58
                },
                "name" : "below side ~10px",
                "highlight" : [ "footer", "side" ]
              }, {
                "status" : "info",
                "place" : {
                  "filePath" : "AddGodinaTestLarge.gspec",
                  "lineNumber" : 59
                },
                "name" : "below glavniSadrzaj ~10px",
                "highlight" : [ "footer", "glavniSadrzaj" ]
              } ]
            }, {
              "name" : "h1",
              "specs" : [ {
                "status" : "info",
                "place" : {
                  "filePath" : "AddGodinaTestLarge.gspec",
                  "lineNumber" : 62
                },
                "name" : "inside header",
                "highlight" : [ "h1", "header" ]
              }, {
                "status" : "info",
                "place" : {
                  "filePath" : "AddGodinaTestLarge.gspec",
                  "lineNumber" : 63
                },
                "name" : "above meni",
                "highlight" : [ "h1", "meni" ]
              } ]
            } ]
          } ],
          "objects" : {
            "meni" : {
              "area" : [ 8, 73, 1008, 78 ]
            },
            "side" : {
              "area" : [ 8, 161, 347, 420 ]
            },
            "glavniSadrzaj" : {
              "area" : [ 360, 161, 650, 420 ]
            },
            "dugmeReset" : {
              "area" : [ 32, 505, 80, 35 ]
            },
            "dugmeSubmit" : {
              "area" : [ 251, 505, 80, 35 ]
            },
            "footer" : {
              "area" : [ 8, 591, 1007, 24 ]
            },
            "naziv" : {
              "area" : [ 32, 275, 196, 34 ]
            },
            "screen" : {
              "area" : [ 0, 0, 1024, 668 ]
            },
            "h1" : {
              "area" : [ 686, 21, 318, 39 ]
            },
            "godina" : {
              "area" : [ 378, 179, 170, 140 ]
            },
            "header" : {
              "area" : [ 8, 8, 1008, 143 ]
            },
            "rvjezbe" : {
              "area" : [ 32, 358, 196, 34 ]
            },
            "rspiral" : {
              "area" : [ 32, 441, 196, 34 ]
            }
          },
          "screenshot" : "layout-1-screenshot.png",
          "type" : "layout"
        } ],
        "time" : 1541435725488,
        "type" : "node"
      } ],
      "time" : 1541435719902,
      "type" : "node"
    } ]
  }
}