{
  "testId" : "1-commititest.gspec",
  "name" : "CommitiTest.gspec",
  "report" : {
    "nodes" : [ {
      "name" : "Simple check",
      "status" : "info",
      "nodes" : [ {
        "name" : "check  CommitiTest.gspec --url http://localhost/commiti.html --size 1024x768 --htmlreport izvjestaji/CommitiTest/ -Dwebdriver.chrome.driver=/usr/local/lib/node_modules/galenframework-cli/node_modules/chromedriver/lib/chromedriver/chromedriver -Dwebdriver.gecko.driver=/usr/local/lib/node_modules/galenframework-cli/node_modules/geckodriver/geckodriver",
        "status" : "info",
        "nodes" : [ {
          "name" : "Check layout: CommitiTest.gspec included tags: ",
          "status" : "info",
          "time" : 1541259045275,
          "sections" : [ {
            "name" : "Main section",
            "place" : {
              "filePath" : "CommitiTest.gspec",
              "lineNumber" : 10
            },
            "objects" : [ {
              "name" : "header",
              "specs" : [ {
                "status" : "info",
                "place" : {
                  "filePath" : "CommitiTest.gspec",
                  "lineNumber" : 12
                },
                "name" : "inside screen",
                "highlight" : [ "header", "screen" ]
              } ]
            }, {
              "name" : "commiti",
              "specs" : [ {
                "status" : "info",
                "place" : {
                  "filePath" : "CommitiTest.gspec",
                  "lineNumber" : 15
                },
                "name" : "inside screen",
                "highlight" : [ "commiti", "screen" ]
              }, {
                "status" : "info",
                "place" : {
                  "filePath" : "CommitiTest.gspec",
                  "lineNumber" : 16
                },
                "name" : "above footer",
                "highlight" : [ "commiti", "footer" ]
              } ]
            }, {
              "name" : "footer",
              "specs" : [ {
                "status" : "info",
                "place" : {
                  "filePath" : "CommitiTest.gspec",
                  "lineNumber" : 19
                },
                "name" : "inside screen",
                "highlight" : [ "footer", "screen" ]
              }, {
                "status" : "info",
                "place" : {
                  "filePath" : "CommitiTest.gspec",
                  "lineNumber" : 20
                },
                "name" : "below commiti",
                "highlight" : [ "footer", "commiti" ]
              } ]
            }, {
              "name" : "h1",
              "specs" : [ {
                "status" : "info",
                "place" : {
                  "filePath" : "CommitiTest.gspec",
                  "lineNumber" : 23
                },
                "name" : "above meni",
                "highlight" : [ "h1", "meni" ]
              } ]
            }, {
              "name" : "p",
              "specs" : [ {
                "status" : "info",
                "place" : {
                  "filePath" : "CommitiTest.gspec",
                  "lineNumber" : 26
                },
                "name" : "above footer",
                "highlight" : [ "p", "footer" ]
              }, {
                "status" : "info",
                "place" : {
                  "filePath" : "CommitiTest.gspec",
                  "lineNumber" : 27
                },
                "name" : "above commiti",
                "highlight" : [ "p", "commiti" ]
              }, {
                "status" : "info",
                "place" : {
                  "filePath" : "CommitiTest.gspec",
                  "lineNumber" : 28
                },
                "name" : "below header",
                "highlight" : [ "p", "header" ]
              } ]
            } ]
          } ],
          "objects" : {
            "meni" : {
              "area" : [ 8, 73, 1201, 78 ]
            },
            "p" : {
              "area" : [ 8, 170, 1201, 36 ]
            },
            "footer" : {
              "area" : [ 8, 684, 1200, 24 ]
            },
            "commiti" : {
              "area" : [ 58, 344, 450, 290 ]
            },
            "header" : {
              "area" : [ 8, 8, 1201, 143 ]
            },
            "screen" : {
              "area" : [ 0, 0, 1217, 717 ]
            },
            "h1" : {
              "area" : [ 893, 21, 304, 39 ]
            }
          },
          "screenshot" : "layout-1-screenshot.png",
          "type" : "layout"
        } ],
        "time" : 1541259043313,
        "type" : "node"
      } ],
      "time" : 1541259038288,
      "type" : "node"
    } ]
  }
}