{
  "tests" : [ {
    "name" : "Test on firefox on mobile",
    "startedAt" : 1541506087517,
    "endedAt" : 1541506095306,
    "failed" : false,
    "statistic" : {
      "passed" : 1,
      "errors" : 0,
      "warnings" : 0,
      "total" : 1
    },
    "testId" : "1-test-on-firefox-on-mobile",
    "duration" : 7789,
    "groups" : [ ],
    "failed" : false
  }, {
    "name" : "Test on firefox on desktop",
    "startedAt" : 1541506095306,
    "endedAt" : 1541506102521,
    "failed" : false,
    "statistic" : {
      "passed" : 1,
      "errors" : 0,
      "warnings" : 0,
      "total" : 1
    },
    "testId" : "2-test-on-firefox-on-desktop",
    "duration" : 7215,
    "groups" : [ ],
    "failed" : false
  } ]
}