{
  "testId" : "1-addvjezbatestsmall.gspec",
  "name" : "AddVjezbaTestSmall.gspec",
  "report" : {
    "nodes" : [ {
      "name" : "Simple check",
      "status" : "info",
      "nodes" : [ {
        "name" : "check  AddVjezbaTestSmall.gspec --url http://localhost/addVjezba.html --size 416x352 --htmlreport izvjestaji/AddVjezbaTest/Small -Dwebdriver.chrome.driver=/usr/local/lib/node_modules/galenframework-cli/node_modules/chromedriver/lib/chromedriver/chromedriver -Dwebdriver.gecko.driver=/usr/local/lib/node_modules/galenframework-cli/node_modules/geckodriver/geckodriver",
        "status" : "info",
        "nodes" : [ {
          "name" : "Check layout: AddVjezbaTestSmall.gspec included tags: ",
          "status" : "info",
          "time" : 1541261733195,
          "sections" : [ {
            "name" : "Main section",
            "place" : {
              "filePath" : "AddVjezbaTestSmall.gspec",
              "lineNumber" : 16
            },
            "objects" : [ {
              "name" : "header",
              "specs" : [ {
                "status" : "info",
                "place" : {
                  "filePath" : "AddVjezbaTestSmall.gspec",
                  "lineNumber" : 18
                },
                "name" : "width ~100% of body/width",
                "highlight" : [ "header" ]
              }, {
                "status" : "info",
                "place" : {
                  "filePath" : "AddVjezbaTestSmall.gspec",
                  "lineNumber" : 19
                },
                "name" : "above glavniSadrzaj",
                "highlight" : [ "header", "glavniSadrzaj" ]
              }, {
                "status" : "info",
                "place" : {
                  "filePath" : "AddVjezbaTestSmall.gspec",
                  "lineNumber" : 20
                },
                "name" : "inside screen",
                "highlight" : [ "header", "screen" ]
              } ]
            }, {
              "name" : "h1",
              "specs" : [ {
                "status" : "info",
                "place" : {
                  "filePath" : "AddVjezbaTestSmall.gspec",
                  "lineNumber" : 23
                },
                "name" : "below meni",
                "highlight" : [ "h1", "meni" ]
              } ]
            }, {
              "name" : "glavniSadrzaj",
              "specs" : [ {
                "status" : "info",
                "place" : {
                  "filePath" : "AddVjezbaTestSmall.gspec",
                  "lineNumber" : 26
                },
                "name" : "width ~100% of body/width",
                "highlight" : [ "glavniSadrzaj" ]
              }, {
                "status" : "info",
                "place" : {
                  "filePath" : "AddVjezbaTestSmall.gspec",
                  "lineNumber" : 27
                },
                "name" : "above footer",
                "highlight" : [ "glavniSadrzaj", "footer" ]
              }, {
                "status" : "info",
                "place" : {
                  "filePath" : "AddVjezbaTestSmall.gspec",
                  "lineNumber" : 28
                },
                "name" : "below header",
                "highlight" : [ "glavniSadrzaj", "header" ]
              }, {
                "status" : "info",
                "place" : {
                  "filePath" : "AddVjezbaTestSmall.gspec",
                  "lineNumber" : 29
                },
                "name" : "centered horizontally inside body",
                "highlight" : [ "glavniSadrzaj", "body" ]
              } ]
            }, {
              "name" : "fPostojeca",
              "specs" : [ {
                "status" : "info",
                "place" : {
                  "filePath" : "AddVjezbaTestSmall.gspec",
                  "lineNumber" : 32
                },
                "name" : "inside glavniSadrzaj",
                "highlight" : [ "fPostojeca", "glavniSadrzaj" ]
              }, {
                "status" : "info",
                "place" : {
                  "filePath" : "AddVjezbaTestSmall.gspec",
                  "lineNumber" : 33
                },
                "name" : "above fNova",
                "highlight" : [ "fPostojeca", "fNova" ]
              }, {
                "status" : "info",
                "place" : {
                  "filePath" : "AddVjezbaTestSmall.gspec",
                  "lineNumber" : 34
                },
                "name" : "centered horizontally inside glavniSadrzaj",
                "highlight" : [ "fPostojeca", "glavniSadrzaj" ]
              } ]
            }, {
              "name" : "fNova",
              "specs" : [ {
                "status" : "info",
                "place" : {
                  "filePath" : "AddVjezbaTestSmall.gspec",
                  "lineNumber" : 37
                },
                "name" : "inside glavniSadrzaj",
                "highlight" : [ "fNova", "glavniSadrzaj" ]
              }, {
                "status" : "info",
                "place" : {
                  "filePath" : "AddVjezbaTestSmall.gspec",
                  "lineNumber" : 38
                },
                "name" : "below fPostojeca",
                "highlight" : [ "fNova", "fPostojeca" ]
              }, {
                "status" : "info",
                "place" : {
                  "filePath" : "AddVjezbaTestSmall.gspec",
                  "lineNumber" : 39
                },
                "name" : "centered horizontally inside glavniSadrzaj",
                "highlight" : [ "fNova", "glavniSadrzaj" ]
              } ]
            }, {
              "name" : "sGodine",
              "specs" : [ {
                "status" : "info",
                "place" : {
                  "filePath" : "AddVjezbaTestSmall.gspec",
                  "lineNumber" : 42
                },
                "name" : "inside fPostojeca",
                "highlight" : [ "sGodine", "fPostojeca" ]
              }, {
                "status" : "info",
                "place" : {
                  "filePath" : "AddVjezbaTestSmall.gspec",
                  "lineNumber" : 43
                },
                "name" : "above sVjezbe",
                "highlight" : [ "sGodine", "sVjezbe" ]
              } ]
            }, {
              "name" : "sVjezbe",
              "specs" : [ {
                "status" : "info",
                "place" : {
                  "filePath" : "AddVjezbaTestSmall.gspec",
                  "lineNumber" : 46
                },
                "name" : "inside fPostojeca",
                "highlight" : [ "sVjezbe", "fPostojeca" ]
              }, {
                "status" : "info",
                "place" : {
                  "filePath" : "AddVjezbaTestSmall.gspec",
                  "lineNumber" : 47
                },
                "name" : "below sGodine",
                "highlight" : [ "sVjezbe", "sGodine" ]
              } ]
            }, {
              "name" : "vjezba",
              "specs" : [ {
                "status" : "info",
                "place" : {
                  "filePath" : "AddVjezbaTestSmall.gspec",
                  "lineNumber" : 50
                },
                "name" : "inside fNova",
                "highlight" : [ "vjezba", "fNova" ]
              } ]
            }, {
              "name" : "dZadatak",
              "specs" : [ {
                "status" : "info",
                "place" : {
                  "filePath" : "AddVjezbaTestSmall.gspec",
                  "lineNumber" : 53
                },
                "name" : "inside fNova",
                "highlight" : [ "dZadatak", "fNova" ]
              }, {
                "status" : "info",
                "place" : {
                  "filePath" : "AddVjezbaTestSmall.gspec",
                  "lineNumber" : 54
                },
                "name" : "right-of zadatak",
                "highlight" : [ "dZadatak", "zadatak" ]
              } ]
            }, {
              "name" : "footer",
              "specs" : [ {
                "status" : "info",
                "place" : {
                  "filePath" : "AddVjezbaTestSmall.gspec",
                  "lineNumber" : 57
                },
                "name" : "inside screen",
                "highlight" : [ "footer", "screen" ]
              }, {
                "status" : "info",
                "place" : {
                  "filePath" : "AddVjezbaTestSmall.gspec",
                  "lineNumber" : 58
                },
                "name" : "below glavniSadrzaj",
                "highlight" : [ "footer", "glavniSadrzaj" ]
              } ]
            } ]
          } ],
          "objects" : {
            "meni" : {
              "area" : [ 8, 73, 388, 195 ]
            },
            "glavniSadrzaj" : {
              "area" : [ 8, 387, 388, 980 ]
            },
            "footer" : {
              "area" : [ 8, 1387, 387, 24 ]
            },
            "sGodine" : {
              "area" : [ 44, 533, 150, 30 ]
            },
            "screen" : {
              "area" : [ 0, 0, 509, 1419 ]
            },
            "h1" : {
              "area" : [ 8, 289, 388, 78 ]
            },
            "vjezba" : {
              "area" : [ 44, 920, 196, 34 ]
            },
            "body" : {
              "area" : [ 8, 8, 388, 1403 ]
            },
            "sVjezbe" : {
              "area" : [ 44, 627, 150, 30 ]
            },
            "dZadatak" : {
              "area" : [ 189, 1134, 109, 40 ]
            },
            "fNova" : {
              "area" : [ 23, 812, 358, 540 ]
            },
            "fPostojeca" : {
              "area" : [ 23, 402, 358, 400 ]
            },
            "zadatak" : {
              "area" : [ 44, 1140, 125, 30 ]
            },
            "header" : {
              "area" : [ 8, 8, 388, 359 ]
            }
          },
          "screenshot" : "layout-1-screenshot.png",
          "type" : "layout"
        } ],
        "time" : 1541261729458,
        "type" : "node"
      } ],
      "time" : 1541261724713,
      "type" : "node"
    } ]
  }
}