{
  "testId" : "1-logintest.gspec",
  "name" : "LoginTest.gspec",
  "report" : {
    "nodes" : [ {
      "name" : "Simple check",
      "status" : "info",
      "nodes" : [ {
        "name" : "check  LoginTest.gspec --url http://localhost/login.html --size 1024x768 --htmlreport izvjestaji/LoginTest -Dwebdriver.chrome.driver=/usr/local/lib/node_modules/galenframework-cli/node_modules/chromedriver/lib/chromedriver/chromedriver -Dwebdriver.gecko.driver=/usr/local/lib/node_modules/galenframework-cli/node_modules/geckodriver/geckodriver",
        "status" : "info",
        "nodes" : [ {
          "name" : "Check layout: LoginTest.gspec included tags: ",
          "status" : "info",
          "time" : 1541245242817,
          "sections" : [ {
            "name" : "Main section",
            "place" : {
              "filePath" : "LoginTest.gspec",
              "lineNumber" : 8
            },
            "objects" : [ {
              "name" : "login",
              "specs" : [ {
                "status" : "info",
                "place" : {
                  "filePath" : "LoginTest.gspec",
                  "lineNumber" : 10
                },
                "name" : "inside screen",
                "highlight" : [ "login", "screen" ]
              }, {
                "status" : "info",
                "place" : {
                  "filePath" : "LoginTest.gspec",
                  "lineNumber" : 11
                },
                "name" : "centered vertically inside body",
                "highlight" : [ "login", "body" ]
              }, {
                "status" : "info",
                "place" : {
                  "filePath" : "LoginTest.gspec",
                  "lineNumber" : 12
                },
                "name" : "centered horizontally inside screen",
                "highlight" : [ "login", "screen" ]
              } ]
            }, {
              "name" : "username",
              "specs" : [ {
                "status" : "info",
                "place" : {
                  "filePath" : "LoginTest.gspec",
                  "lineNumber" : 15
                },
                "name" : "above password",
                "highlight" : [ "username", "password" ]
              } ]
            }, {
              "name" : "password",
              "specs" : [ {
                "status" : "info",
                "place" : {
                  "filePath" : "LoginTest.gspec",
                  "lineNumber" : 18
                },
                "name" : "above button",
                "highlight" : [ "password", "button" ]
              } ]
            } ]
          } ],
          "objects" : {
            "button" : {
              "area" : [ 667, 337, 77, 29 ]
            },
            "password" : {
              "area" : [ 575, 308, 172, 19 ]
            },
            "screen" : {
              "area" : [ 0, 0, 1217, 633 ]
            },
            "login" : {
              "area" : [ 453, 237, 311, 159 ]
            },
            "body" : {
              "area" : [ 8, 8, 1201, 617 ]
            },
            "username" : {
              "area" : [ 575, 273, 172, 19 ]
            }
          },
          "screenshot" : "layout-1-screenshot.png",
          "type" : "layout"
        } ],
        "time" : 1541245241484,
        "type" : "node"
      } ],
      "time" : 1541245236978,
      "type" : "node"
    } ]
  }
}