{
  "tests" : [ {
    "name" : "Test on firefox on mobile",
    "startedAt" : 1541506322211,
    "endedAt" : 1541506329903,
    "failed" : false,
    "statistic" : {
      "passed" : 0,
      "errors" : 0,
      "warnings" : 0,
      "total" : 0
    },
    "testId" : "1-test-on-firefox-on-mobile",
    "duration" : 7692,
    "groups" : [ ],
    "failed" : false
  }, {
    "name" : "Test on firefox on desktop",
    "startedAt" : 1541506329903,
    "endedAt" : 1541506337147,
    "failed" : false,
    "statistic" : {
      "passed" : 2,
      "errors" : 0,
      "warnings" : 0,
      "total" : 2
    },
    "testId" : "2-test-on-firefox-on-desktop",
    "duration" : 7244,
    "groups" : [ ],
    "failed" : false
  } ]
}