{
  "testId" : "1-zadacitestsmall.gspec",
  "name" : "ZadaciTestSmall.gspec",
  "report" : {
    "nodes" : [ {
      "name" : "Simple check",
      "status" : "info",
      "nodes" : [ {
        "name" : "check  ZadaciTestSmall.gspec --url http://localhost/zadaci.html --size 416x352 --htmlreport izvjestaji/ZadaciTest/Small -Dwebdriver.chrome.driver=/usr/local/lib/node_modules/galenframework-cli/node_modules/chromedriver/lib/chromedriver/chromedriver -Dwebdriver.gecko.driver=/usr/local/lib/node_modules/galenframework-cli/node_modules/geckodriver/geckodriver",
        "status" : "info",
        "nodes" : [ {
          "name" : "Check layout: ZadaciTestSmall.gspec included tags: ",
          "status" : "info",
          "time" : 1541257439897,
          "sections" : [ {
            "name" : "Main section",
            "place" : {
              "filePath" : "ZadaciTestSmall.gspec",
              "lineNumber" : 11
            },
            "objects" : [ {
              "name" : "header",
              "specs" : [ {
                "status" : "info",
                "place" : {
                  "filePath" : "ZadaciTestSmall.gspec",
                  "lineNumber" : 13
                },
                "name" : "inside screen",
                "highlight" : [ "header", "screen" ]
              }, {
                "status" : "info",
                "place" : {
                  "filePath" : "ZadaciTestSmall.gspec",
                  "lineNumber" : 14
                },
                "name" : "above prva-cetvrtina 0px",
                "highlight" : [ "header", "prva-cetvrtina" ]
              } ]
            }, {
              "name" : "prva-cetvrtina",
              "specs" : [ {
                "status" : "info",
                "place" : {
                  "filePath" : "ZadaciTestSmall.gspec",
                  "lineNumber" : 17
                },
                "name" : "inside screen",
                "highlight" : [ "prva-cetvrtina", "screen" ]
              }, {
                "status" : "info",
                "place" : {
                  "filePath" : "ZadaciTestSmall.gspec",
                  "lineNumber" : 18
                },
                "name" : "above druga-cetvrtina ~0px",
                "highlight" : [ "prva-cetvrtina", "druga-cetvrtina" ]
              } ]
            }, {
              "name" : "druga-cetvrtina",
              "specs" : [ {
                "status" : "info",
                "place" : {
                  "filePath" : "ZadaciTestSmall.gspec",
                  "lineNumber" : 22
                },
                "name" : "below prva-cetvrtina ~0px",
                "highlight" : [ "druga-cetvrtina", "prva-cetvrtina" ]
              }, {
                "status" : "info",
                "place" : {
                  "filePath" : "ZadaciTestSmall.gspec",
                  "lineNumber" : 23
                },
                "name" : "inside screen",
                "highlight" : [ "druga-cetvrtina", "screen" ]
              }, {
                "status" : "info",
                "place" : {
                  "filePath" : "ZadaciTestSmall.gspec",
                  "lineNumber" : 24
                },
                "name" : "above polovina ~0px",
                "highlight" : [ "druga-cetvrtina", "polovina" ]
              }, {
                "status" : "info",
                "place" : {
                  "filePath" : "ZadaciTestSmall.gspec",
                  "lineNumber" : 25
                },
                "name" : "width ~100% of body/width",
                "highlight" : [ "druga-cetvrtina" ]
              } ]
            }, {
              "name" : "polovina",
              "specs" : [ {
                "status" : "info",
                "place" : {
                  "filePath" : "ZadaciTestSmall.gspec",
                  "lineNumber" : 28
                },
                "name" : "inside screen",
                "highlight" : [ "polovina", "screen" ]
              }, {
                "status" : "info",
                "place" : {
                  "filePath" : "ZadaciTestSmall.gspec",
                  "lineNumber" : 29
                },
                "name" : "below druga-cetvrtina ~0px",
                "highlight" : [ "polovina", "druga-cetvrtina" ]
              }, {
                "status" : "info",
                "place" : {
                  "filePath" : "ZadaciTestSmall.gspec",
                  "lineNumber" : 30
                },
                "name" : "above footer 0px",
                "highlight" : [ "polovina", "footer" ]
              }, {
                "status" : "info",
                "place" : {
                  "filePath" : "ZadaciTestSmall.gspec",
                  "lineNumber" : 31
                },
                "name" : "width ~100% of body/width",
                "highlight" : [ "polovina" ]
              } ]
            }, {
              "name" : "h1",
              "specs" : [ {
                "status" : "info",
                "place" : {
                  "filePath" : "ZadaciTestSmall.gspec",
                  "lineNumber" : 34
                },
                "name" : "inside header",
                "highlight" : [ "h1", "header" ]
              }, {
                "status" : "info",
                "place" : {
                  "filePath" : "ZadaciTestSmall.gspec",
                  "lineNumber" : 35
                },
                "name" : "below meni",
                "highlight" : [ "h1", "meni" ]
              } ]
            } ]
          } ],
          "objects" : {
            "meni" : {
              "area" : [ 8, 73, 388, 195 ]
            },
            "druga-cetvrtina" : {
              "area" : [ 8, 590, 388, 317 ]
            },
            "footer" : {
              "area" : [ 8, 1398, 387, 24 ]
            },
            "header" : {
              "area" : [ 8, 8, 388, 320 ]
            },
            "screen" : {
              "area" : [ 0, 0, 404, 1430 ]
            },
            "h1" : {
              "area" : [ 8, 289, 388, 39 ]
            },
            "prva-cetvrtina" : {
              "area" : [ 8, 328, 388, 261 ]
            },
            "polovina" : {
              "area" : [ 8, 908, 388, 490 ]
            }
          },
          "screenshot" : "layout-1-screenshot.png",
          "type" : "layout"
        } ],
        "time" : 1541257437068,
        "type" : "node"
      } ],
      "time" : 1541257430599,
      "type" : "node"
    } ]
  }
}