{
  "testId" : "1-addvjezbatestlarge.gspec",
  "name" : "AddVjezbaTestLarge.gspec",
  "report" : {
    "nodes" : [ {
      "name" : "Simple check",
      "status" : "info",
      "nodes" : [ {
        "name" : "check  AddVjezbaTestLarge.gspec --url http://localhost/addVjezba.html --size 1024x768 --htmlreport izvjestaji/AddVjezbaTest/Large -Dwebdriver.chrome.driver=/usr/local/lib/node_modules/galenframework-cli/node_modules/chromedriver/lib/chromedriver/chromedriver -Dwebdriver.gecko.driver=/usr/local/lib/node_modules/galenframework-cli/node_modules/geckodriver/geckodriver",
        "status" : "info",
        "nodes" : [ {
          "name" : "Check layout: AddVjezbaTestLarge.gspec included tags: ",
          "status" : "info",
          "time" : 1541261510756,
          "sections" : [ {
            "name" : "Main section",
            "place" : {
              "filePath" : "AddVjezbaTestLarge.gspec",
              "lineNumber" : 16
            },
            "objects" : [ {
              "name" : "header",
              "specs" : [ {
                "status" : "info",
                "place" : {
                  "filePath" : "AddVjezbaTestLarge.gspec",
                  "lineNumber" : 18
                },
                "name" : "width ~100% of body/width",
                "highlight" : [ "header" ]
              }, {
                "status" : "info",
                "place" : {
                  "filePath" : "AddVjezbaTestLarge.gspec",
                  "lineNumber" : 19
                },
                "name" : "above glavniSadrzaj",
                "highlight" : [ "header", "glavniSadrzaj" ]
              }, {
                "status" : "info",
                "place" : {
                  "filePath" : "AddVjezbaTestLarge.gspec",
                  "lineNumber" : 20
                },
                "name" : "inside screen",
                "highlight" : [ "header", "screen" ]
              } ]
            }, {
              "name" : "h1",
              "specs" : [ {
                "status" : "info",
                "place" : {
                  "filePath" : "AddVjezbaTestLarge.gspec",
                  "lineNumber" : 23
                },
                "name" : "above meni",
                "highlight" : [ "h1", "meni" ]
              } ]
            }, {
              "name" : "glavniSadrzaj",
              "specs" : [ {
                "status" : "info",
                "place" : {
                  "filePath" : "AddVjezbaTestLarge.gspec",
                  "lineNumber" : 26
                },
                "name" : "width ~85% of body/width",
                "highlight" : [ "glavniSadrzaj" ]
              }, {
                "status" : "info",
                "place" : {
                  "filePath" : "AddVjezbaTestLarge.gspec",
                  "lineNumber" : 27
                },
                "name" : "above footer",
                "highlight" : [ "glavniSadrzaj", "footer" ]
              }, {
                "status" : "info",
                "place" : {
                  "filePath" : "AddVjezbaTestLarge.gspec",
                  "lineNumber" : 28
                },
                "name" : "below header",
                "highlight" : [ "glavniSadrzaj", "header" ]
              }, {
                "status" : "info",
                "place" : {
                  "filePath" : "AddVjezbaTestLarge.gspec",
                  "lineNumber" : 29
                },
                "name" : "centered horizontally inside body",
                "highlight" : [ "glavniSadrzaj", "body" ]
              } ]
            }, {
              "name" : "fPostojeca",
              "specs" : [ {
                "status" : "info",
                "place" : {
                  "filePath" : "AddVjezbaTestLarge.gspec",
                  "lineNumber" : 32
                },
                "name" : "inside glavniSadrzaj",
                "highlight" : [ "fPostojeca", "glavniSadrzaj" ]
              }, {
                "status" : "info",
                "place" : {
                  "filePath" : "AddVjezbaTestLarge.gspec",
                  "lineNumber" : 33
                },
                "name" : "above fNova",
                "highlight" : [ "fPostojeca", "fNova" ]
              }, {
                "status" : "info",
                "place" : {
                  "filePath" : "AddVjezbaTestLarge.gspec",
                  "lineNumber" : 34
                },
                "name" : "centered horizontally inside glavniSadrzaj",
                "highlight" : [ "fPostojeca", "glavniSadrzaj" ]
              } ]
            }, {
              "name" : "fNova",
              "specs" : [ {
                "status" : "info",
                "place" : {
                  "filePath" : "AddVjezbaTestLarge.gspec",
                  "lineNumber" : 37
                },
                "name" : "inside glavniSadrzaj",
                "highlight" : [ "fNova", "glavniSadrzaj" ]
              }, {
                "status" : "info",
                "place" : {
                  "filePath" : "AddVjezbaTestLarge.gspec",
                  "lineNumber" : 38
                },
                "name" : "below fPostojeca",
                "highlight" : [ "fNova", "fPostojeca" ]
              }, {
                "status" : "info",
                "place" : {
                  "filePath" : "AddVjezbaTestLarge.gspec",
                  "lineNumber" : 39
                },
                "name" : "centered horizontally inside glavniSadrzaj",
                "highlight" : [ "fNova", "glavniSadrzaj" ]
              } ]
            }, {
              "name" : "sGodine",
              "specs" : [ {
                "status" : "info",
                "place" : {
                  "filePath" : "AddVjezbaTestLarge.gspec",
                  "lineNumber" : 42
                },
                "name" : "inside fPostojeca",
                "highlight" : [ "sGodine", "fPostojeca" ]
              }, {
                "status" : "info",
                "place" : {
                  "filePath" : "AddVjezbaTestLarge.gspec",
                  "lineNumber" : 43
                },
                "name" : "above sVjezbe",
                "highlight" : [ "sGodine", "sVjezbe" ]
              } ]
            }, {
              "name" : "sVjezbe",
              "specs" : [ {
                "status" : "info",
                "place" : {
                  "filePath" : "AddVjezbaTestLarge.gspec",
                  "lineNumber" : 46
                },
                "name" : "inside fPostojeca",
                "highlight" : [ "sVjezbe", "fPostojeca" ]
              }, {
                "status" : "info",
                "place" : {
                  "filePath" : "AddVjezbaTestLarge.gspec",
                  "lineNumber" : 47
                },
                "name" : "below sGodine",
                "highlight" : [ "sVjezbe", "sGodine" ]
              } ]
            }, {
              "name" : "vjezba",
              "specs" : [ {
                "status" : "info",
                "place" : {
                  "filePath" : "AddVjezbaTestLarge.gspec",
                  "lineNumber" : 50
                },
                "name" : "inside fNova",
                "highlight" : [ "vjezba", "fNova" ]
              } ]
            }, {
              "name" : "dZadatak",
              "specs" : [ {
                "status" : "info",
                "place" : {
                  "filePath" : "AddVjezbaTestLarge.gspec",
                  "lineNumber" : 53
                },
                "name" : "inside fNova",
                "highlight" : [ "dZadatak", "fNova" ]
              }, {
                "status" : "info",
                "place" : {
                  "filePath" : "AddVjezbaTestLarge.gspec",
                  "lineNumber" : 54
                },
                "name" : "right-of zadatak",
                "highlight" : [ "dZadatak", "zadatak" ]
              } ]
            }, {
              "name" : "footer",
              "specs" : [ {
                "status" : "info",
                "place" : {
                  "filePath" : "AddVjezbaTestLarge.gspec",
                  "lineNumber" : 57
                },
                "name" : "inside screen",
                "highlight" : [ "footer", "screen" ]
              }, {
                "status" : "info",
                "place" : {
                  "filePath" : "AddVjezbaTestLarge.gspec",
                  "lineNumber" : 58
                },
                "name" : "below glavniSadrzaj",
                "highlight" : [ "footer", "glavniSadrzaj" ]
              } ]
            } ]
          } ],
          "objects" : {
            "meni" : {
              "area" : [ 8, 73, 1201, 78 ]
            },
            "glavniSadrzaj" : {
              "area" : [ 98, 171, 1020, 960 ]
            },
            "footer" : {
              "area" : [ 8, 1151, 1200, 24 ]
            },
            "sGodine" : {
              "area" : [ 359, 316, 150, 30 ]
            },
            "screen" : {
              "area" : [ 0, 0, 1217, 1183 ]
            },
            "h1" : {
              "area" : [ 754, 21, 443, 39 ]
            },
            "vjezba" : {
              "area" : [ 359, 726, 196, 34 ]
            },
            "body" : {
              "area" : [ 8, 8, 1201, 1167 ]
            },
            "sVjezbe" : {
              "area" : [ 359, 410, 150, 30 ]
            },
            "dZadatak" : {
              "area" : [ 588, 940, 109, 40 ]
            },
            "fNova" : {
              "area" : [ 103, 586, 1010, 540 ]
            },
            "fPostojeca" : {
              "area" : [ 103, 176, 1010, 400 ]
            },
            "zadatak" : {
              "area" : [ 359, 946, 198, 30 ]
            },
            "header" : {
              "area" : [ 8, 8, 1201, 143 ]
            }
          },
          "screenshot" : "layout-1-screenshot.png",
          "type" : "layout"
        } ],
        "time" : 1541261506935,
        "type" : "node"
      } ],
      "time" : 1541261501720,
      "type" : "node"
    } ]
  }
}