{
  "testId" : "1-studentitestsmall.gspec",
  "name" : "StudentiTestSmall.gspec",
  "report" : {
    "nodes" : [ {
      "name" : "Simple check",
      "status" : "info",
      "nodes" : [ {
        "name" : "check  StudentiTestSmall.gspec --url http://localhost/studenti.html --size 416x352 --htmlreport izvjestaji/StudentiTest/Small -Dwebdriver.chrome.driver=/usr/local/lib/node_modules/galenframework-cli/node_modules/chromedriver/lib/chromedriver/chromedriver -Dwebdriver.gecko.driver=/usr/local/lib/node_modules/galenframework-cli/node_modules/geckodriver/geckodriver",
        "status" : "info",
        "nodes" : [ {
          "name" : "Check layout: StudentiTestSmall.gspec included tags: ",
          "status" : "info",
          "time" : 1541253697467,
          "sections" : [ {
            "name" : "Main section",
            "place" : {
              "filePath" : "StudentiTestSmall.gspec",
              "lineNumber" : 10
            },
            "objects" : [ {
              "name" : "header",
              "specs" : [ {
                "status" : "info",
                "place" : {
                  "filePath" : "StudentiTestSmall.gspec",
                  "lineNumber" : 12
                },
                "name" : "inside screen",
                "highlight" : [ "header", "screen" ]
              }, {
                "status" : "info",
                "place" : {
                  "filePath" : "StudentiTestSmall.gspec",
                  "lineNumber" : 13
                },
                "name" : "above side ~0px",
                "highlight" : [ "header", "side" ]
              } ]
            }, {
              "name" : "side",
              "specs" : [ {
                "status" : "info",
                "place" : {
                  "filePath" : "StudentiTestSmall.gspec",
                  "lineNumber" : 16
                },
                "name" : "inside screen",
                "highlight" : [ "side", "screen" ]
              }, {
                "status" : "info",
                "place" : {
                  "filePath" : "StudentiTestSmall.gspec",
                  "lineNumber" : 17
                },
                "name" : "above glavniSadrzaj ~0px",
                "highlight" : [ "side", "glavniSadrzaj" ]
              }, {
                "status" : "info",
                "place" : {
                  "filePath" : "StudentiTestSmall.gspec",
                  "lineNumber" : 18
                },
                "name" : "width ~100% of body/width",
                "highlight" : [ "side" ]
              } ]
            }, {
              "name" : "glavniSadrzaj",
              "specs" : [ {
                "status" : "info",
                "place" : {
                  "filePath" : "StudentiTestSmall.gspec",
                  "lineNumber" : 21
                },
                "name" : "inside screen",
                "highlight" : [ "glavniSadrzaj", "screen" ]
              }, {
                "status" : "info",
                "place" : {
                  "filePath" : "StudentiTestSmall.gspec",
                  "lineNumber" : 22
                },
                "name" : "below side ~0px",
                "highlight" : [ "glavniSadrzaj", "side" ]
              }, {
                "status" : "info",
                "place" : {
                  "filePath" : "StudentiTestSmall.gspec",
                  "lineNumber" : 23
                },
                "name" : "width ~100% of body/width",
                "highlight" : [ "glavniSadrzaj" ]
              } ]
            }, {
              "name" : "footer",
              "specs" : [ {
                "status" : "info",
                "place" : {
                  "filePath" : "StudentiTestSmall.gspec",
                  "lineNumber" : 26
                },
                "name" : "inside screen",
                "highlight" : [ "footer", "screen" ]
              }, {
                "status" : "info",
                "place" : {
                  "filePath" : "StudentiTestSmall.gspec",
                  "lineNumber" : 27
                },
                "name" : "below glavniSadrzaj ~0px",
                "highlight" : [ "footer", "glavniSadrzaj" ]
              } ]
            }, {
              "name" : "h1",
              "specs" : [ {
                "status" : "info",
                "place" : {
                  "filePath" : "StudentiTestSmall.gspec",
                  "lineNumber" : 30
                },
                "name" : "inside header",
                "highlight" : [ "h1", "header" ]
              }, {
                "status" : "info",
                "place" : {
                  "filePath" : "StudentiTestSmall.gspec",
                  "lineNumber" : 31
                },
                "name" : "below meni",
                "highlight" : [ "h1", "meni" ]
              } ]
            } ]
          } ],
          "objects" : {
            "meni" : {
              "area" : [ 8, 8, 388, 260 ]
            },
            "side" : {
              "area" : [ 8, 328, 388, 285 ]
            },
            "glavniSadrzaj" : {
              "area" : [ 8, 614, 388, 173 ]
            },
            "footer" : {
              "area" : [ 8, 787, 387, 24 ]
            },
            "header" : {
              "area" : [ 8, 8, 388, 320 ]
            },
            "screen" : {
              "area" : [ 0, 0, 404, 820 ]
            },
            "h1" : {
              "area" : [ 8, 289, 388, 39 ]
            }
          },
          "screenshot" : "layout-1-screenshot.png",
          "type" : "layout"
        } ],
        "time" : 1541253695439,
        "type" : "node"
      } ],
      "time" : 1541253690720,
      "type" : "node"
    } ]
  }
}