{
  "testId" : "1-addstudenttestlarge.gspec",
  "name" : "AddStudentTestLarge.gspec",
  "report" : {
    "nodes" : [ {
      "name" : "Simple check",
      "status" : "info",
      "nodes" : [ {
        "name" : "check  AddStudentTestLarge.gspec --url http://localhost/addStudent.html --size 1024x768 --htmlreport izvjestaji/AddStudentTest/Large -Dwebdriver.chrome.driver=/usr/local/lib/node_modules/galenframework-cli/node_modules/chromedriver/lib/chromedriver/chromedriver -Dwebdriver.gecko.driver=/usr/local/lib/node_modules/galenframework-cli/node_modules/geckodriver/geckodriver",
        "status" : "info",
        "nodes" : [ {
          "name" : "Check layout: AddStudentTestLarge.gspec included tags: ",
          "status" : "info",
          "time" : 1541266026916,
          "sections" : [ {
            "name" : "Main section",
            "place" : {
              "filePath" : "AddStudentTestLarge.gspec",
              "lineNumber" : 16
            },
            "objects" : [ {
              "name" : "header",
              "specs" : [ {
                "status" : "info",
                "place" : {
                  "filePath" : "AddStudentTestLarge.gspec",
                  "lineNumber" : 18
                },
                "name" : "width ~100% of body/width",
                "highlight" : [ "header" ]
              }, {
                "status" : "info",
                "place" : {
                  "filePath" : "AddStudentTestLarge.gspec",
                  "lineNumber" : 19
                },
                "name" : "above glavniSadrzaj",
                "highlight" : [ "header", "glavniSadrzaj" ]
              }, {
                "status" : "info",
                "place" : {
                  "filePath" : "AddStudentTestLarge.gspec",
                  "lineNumber" : 20
                },
                "name" : "inside screen",
                "highlight" : [ "header", "screen" ]
              } ]
            }, {
              "name" : "h1",
              "specs" : [ {
                "status" : "info",
                "place" : {
                  "filePath" : "AddStudentTestLarge.gspec",
                  "lineNumber" : 23
                },
                "name" : "above meni",
                "highlight" : [ "h1", "meni" ]
              } ]
            }, {
              "name" : "glavniSadrzaj",
              "specs" : [ {
                "status" : "info",
                "place" : {
                  "filePath" : "AddStudentTestLarge.gspec",
                  "lineNumber" : 26
                },
                "name" : "width ~85% of body/width",
                "highlight" : [ "glavniSadrzaj" ]
              }, {
                "status" : "info",
                "place" : {
                  "filePath" : "AddStudentTestLarge.gspec",
                  "lineNumber" : 27
                },
                "name" : "above footer",
                "highlight" : [ "glavniSadrzaj", "footer" ]
              }, {
                "status" : "info",
                "place" : {
                  "filePath" : "AddStudentTestLarge.gspec",
                  "lineNumber" : 28
                },
                "name" : "below header",
                "highlight" : [ "glavniSadrzaj", "header" ]
              }, {
                "status" : "info",
                "place" : {
                  "filePath" : "AddStudentTestLarge.gspec",
                  "lineNumber" : 29
                },
                "name" : "centered horizontally inside body",
                "highlight" : [ "glavniSadrzaj", "body" ]
              } ]
            }, {
              "name" : "fPojedinacni",
              "specs" : [ {
                "status" : "info",
                "place" : {
                  "filePath" : "AddStudentTestLarge.gspec",
                  "lineNumber" : 32
                },
                "name" : "inside glavniSadrzaj",
                "highlight" : [ "fPojedinacni", "glavniSadrzaj" ]
              }, {
                "status" : "info",
                "place" : {
                  "filePath" : "AddStudentTestLarge.gspec",
                  "lineNumber" : 33
                },
                "name" : "above fMasovni",
                "highlight" : [ "fPojedinacni", "fMasovni" ]
              }, {
                "status" : "info",
                "place" : {
                  "filePath" : "AddStudentTestLarge.gspec",
                  "lineNumber" : 34
                },
                "name" : "centered horizontally inside glavniSadrzaj",
                "highlight" : [ "fPojedinacni", "glavniSadrzaj" ]
              } ]
            }, {
              "name" : "fMasovni",
              "specs" : [ {
                "status" : "info",
                "place" : {
                  "filePath" : "AddStudentTestLarge.gspec",
                  "lineNumber" : 37
                },
                "name" : "inside glavniSadrzaj",
                "highlight" : [ "fMasovni", "glavniSadrzaj" ]
              }, {
                "status" : "info",
                "place" : {
                  "filePath" : "AddStudentTestLarge.gspec",
                  "lineNumber" : 38
                },
                "name" : "below fPojedinacni",
                "highlight" : [ "fMasovni", "fPojedinacni" ]
              }, {
                "status" : "info",
                "place" : {
                  "filePath" : "AddStudentTestLarge.gspec",
                  "lineNumber" : 39
                },
                "name" : "centered horizontally inside glavniSadrzaj",
                "highlight" : [ "fMasovni", "glavniSadrzaj" ]
              } ]
            }, {
              "name" : "Godina",
              "specs" : [ {
                "status" : "info",
                "place" : {
                  "filePath" : "AddStudentTestLarge.gspec",
                  "lineNumber" : 42
                },
                "name" : "inside fPojedinacni",
                "highlight" : [ "Godina", "fPojedinacni" ]
              }, {
                "status" : "info",
                "place" : {
                  "filePath" : "AddStudentTestLarge.gspec",
                  "lineNumber" : 43
                },
                "name" : "above ime",
                "highlight" : [ "Godina", "ime" ]
              } ]
            }, {
              "name" : "index",
              "specs" : [ {
                "status" : "info",
                "place" : {
                  "filePath" : "AddStudentTestLarge.gspec",
                  "lineNumber" : 46
                },
                "name" : "inside fPojedinacni",
                "highlight" : [ "index", "fPojedinacni" ]
              }, {
                "status" : "info",
                "place" : {
                  "filePath" : "AddStudentTestLarge.gspec",
                  "lineNumber" : 47
                },
                "name" : "below Godina",
                "highlight" : [ "index", "Godina" ]
              }, {
                "status" : "info",
                "place" : {
                  "filePath" : "AddStudentTestLarge.gspec",
                  "lineNumber" : 48
                },
                "name" : "above email",
                "highlight" : [ "index", "email" ]
              } ]
            }, {
              "name" : "email",
              "specs" : [ {
                "status" : "info",
                "place" : {
                  "filePath" : "AddStudentTestLarge.gspec",
                  "lineNumber" : 51
                },
                "name" : "inside fPojedinacni",
                "highlight" : [ "email", "fPojedinacni" ]
              }, {
                "status" : "info",
                "place" : {
                  "filePath" : "AddStudentTestLarge.gspec",
                  "lineNumber" : 52
                },
                "name" : "below index",
                "highlight" : [ "email", "index" ]
              } ]
            }, {
              "name" : "file",
              "specs" : [ {
                "status" : "info",
                "place" : {
                  "filePath" : "AddStudentTestLarge.gspec",
                  "lineNumber" : 55
                },
                "name" : "inside fMasovni",
                "highlight" : [ "file", "fMasovni" ]
              } ]
            }, {
              "name" : "footer",
              "specs" : [ {
                "status" : "info",
                "place" : {
                  "filePath" : "AddStudentTestLarge.gspec",
                  "lineNumber" : 58
                },
                "name" : "inside screen",
                "highlight" : [ "footer", "screen" ]
              }, {
                "status" : "info",
                "place" : {
                  "filePath" : "AddStudentTestLarge.gspec",
                  "lineNumber" : 59
                },
                "name" : "below glavniSadrzaj",
                "highlight" : [ "footer", "glavniSadrzaj" ]
              } ]
            } ]
          } ],
          "objects" : {
            "meni" : {
              "area" : [ 8, 73, 1201, 78 ]
            },
            "ime" : {
              "area" : [ 359, 410, 196, 34 ]
            },
            "glavniSadrzaj" : {
              "area" : [ 98, 171, 1020, 900 ]
            },
            "footer" : {
              "area" : [ 8, 1091, 1200, 24 ]
            },
            "screen" : {
              "area" : [ 0, 0, 1217, 1123 ]
            },
            "h1" : {
              "area" : [ 821, 21, 376, 39 ]
            },
            "index" : {
              "area" : [ 359, 490, 178, 17 ]
            },
            "body" : {
              "area" : [ 8, 8, 1201, 1107 ]
            },
            "Godina" : {
              "area" : [ 359, 316, 150, 30 ]
            },
            "file" : {
              "area" : [ 359, 930, 249, 25 ]
            },
            "header" : {
              "area" : [ 8, 8, 1201, 143 ]
            },
            "fPojedinacni" : {
              "area" : [ 103, 176, 1010, 510 ]
            },
            "fMasovni" : {
              "area" : [ 103, 696, 1010, 370 ]
            },
            "email" : {
              "area" : [ 359, 551, 196, 34 ]
            }
          },
          "screenshot" : "layout-1-screenshot.png",
          "type" : "layout"
        } ],
        "time" : 1541266022956,
        "type" : "node"
      } ],
      "time" : 1541266017877,
      "type" : "node"
    } ]
  }
}