{
  "testId" : "1-spiralatest.gspec",
  "name" : "spiralatest.gspec",
  "report" : {
    "nodes" : [ {
      "name" : "Simple check",
      "status" : "info",
      "nodes" : [ {
        "name" : "check  spiralatest.gspec --url http://localhost/commiti.html --size 1024x768 --htmlreport commititest",
        "status" : "info",
        "nodes" : [ {
          "name" : "Check layout: spiralatest.gspec included tags: ",
          "status" : "info",
          "time" : 1540812529904,
          "sections" : [ ],
          "objects" : { },
          "screenshot" : "layout-1-screenshot.png",
          "type" : "layout"
        } ],
        "time" : 1540812529379,
        "type" : "node"
      } ],
      "time" : 1540812525330,
      "type" : "node"
    } ]
  }
}