{
  "tests" : [ {
    "name" : "Test on firefox on mobile",
    "startedAt" : 1541505784655,
    "endedAt" : 1541505792893,
    "failed" : false,
    "statistic" : {
      "passed" : 1,
      "errors" : 0,
      "warnings" : 0,
      "total" : 1
    },
    "testId" : "1-test-on-firefox-on-mobile",
    "duration" : 8238,
    "groups" : [ ],
    "failed" : false
  }, {
    "name" : "Test on firefox on desktop",
    "startedAt" : 1541505792894,
    "endedAt" : 1541505800445,
    "failed" : false,
    "statistic" : {
      "passed" : 1,
      "errors" : 0,
      "warnings" : 0,
      "total" : 1
    },
    "testId" : "2-test-on-firefox-on-desktop",
    "duration" : 7551,
    "groups" : [ ],
    "failed" : false
  } ]
}