{
  "testId" : "1-addzadataktestlarge.gspec",
  "name" : "AddZadatakTestLarge.gspec",
  "report" : {
    "nodes" : [ {
      "name" : "Simple check",
      "status" : "info",
      "nodes" : [ {
        "name" : "check  AddZadatakTestLarge.gspec --url http://localhost/addZadatak.html --size 1024x768 --htmlreport izvjestaji/AddZadatakTest/Large -Dwebdriver.chrome.driver=/usr/local/lib/node_modules/galenframework-cli/node_modules/chromedriver/lib/chromedriver/chromedriver -Dwebdriver.gecko.driver=/usr/local/lib/node_modules/galenframework-cli/node_modules/geckodriver/geckodriver",
        "status" : "info",
        "nodes" : [ {
          "name" : "Check layout: AddZadatakTestLarge.gspec included tags: ",
          "status" : "info",
          "time" : 1541259497546,
          "sections" : [ {
            "name" : "Main section",
            "place" : {
              "filePath" : "AddZadatakTestLarge.gspec",
              "lineNumber" : 12
            },
            "objects" : [ {
              "name" : "header",
              "specs" : [ {
                "status" : "info",
                "place" : {
                  "filePath" : "AddZadatakTestLarge.gspec",
                  "lineNumber" : 14
                },
                "name" : "inside screen",
                "highlight" : [ "header", "screen" ]
              }, {
                "status" : "info",
                "place" : {
                  "filePath" : "AddZadatakTestLarge.gspec",
                  "lineNumber" : 15
                },
                "name" : "above glavniSadrzaj",
                "highlight" : [ "header", "glavniSadrzaj" ]
              } ]
            }, {
              "name" : "glavniSadrzaj",
              "specs" : [ {
                "status" : "info",
                "place" : {
                  "filePath" : "AddZadatakTestLarge.gspec",
                  "lineNumber" : 18
                },
                "name" : "inside screen",
                "highlight" : [ "glavniSadrzaj", "screen" ]
              }, {
                "status" : "info",
                "place" : {
                  "filePath" : "AddZadatakTestLarge.gspec",
                  "lineNumber" : 19
                },
                "name" : "below header",
                "highlight" : [ "glavniSadrzaj", "header" ]
              }, {
                "status" : "info",
                "place" : {
                  "filePath" : "AddZadatakTestLarge.gspec",
                  "lineNumber" : 20
                },
                "name" : "above footer",
                "highlight" : [ "glavniSadrzaj", "footer" ]
              }, {
                "status" : "info",
                "place" : {
                  "filePath" : "AddZadatakTestLarge.gspec",
                  "lineNumber" : 21
                },
                "name" : "width ~85% of body/width",
                "highlight" : [ "glavniSadrzaj" ]
              } ]
            }, {
              "name" : "naziv",
              "specs" : [ {
                "status" : "info",
                "place" : {
                  "filePath" : "AddZadatakTestLarge.gspec",
                  "lineNumber" : 24
                },
                "name" : "inside glavniSadrzaj",
                "highlight" : [ "naziv", "glavniSadrzaj" ]
              }, {
                "status" : "info",
                "place" : {
                  "filePath" : "AddZadatakTestLarge.gspec",
                  "lineNumber" : 25
                },
                "name" : "above postavka",
                "highlight" : [ "naziv", "postavka" ]
              } ]
            }, {
              "name" : "postavka",
              "specs" : [ {
                "status" : "info",
                "place" : {
                  "filePath" : "AddZadatakTestLarge.gspec",
                  "lineNumber" : 28
                },
                "name" : "inside glavniSadrzaj",
                "highlight" : [ "postavka", "glavniSadrzaj" ]
              }, {
                "status" : "info",
                "place" : {
                  "filePath" : "AddZadatakTestLarge.gspec",
                  "lineNumber" : 29
                },
                "name" : "above submit",
                "highlight" : [ "postavka", "submit" ]
              } ]
            }, {
              "name" : "submit",
              "specs" : [ {
                "status" : "info",
                "place" : {
                  "filePath" : "AddZadatakTestLarge.gspec",
                  "lineNumber" : 32
                },
                "name" : "inside glavniSadrzaj",
                "highlight" : [ "submit", "glavniSadrzaj" ]
              } ]
            }, {
              "name" : "footer",
              "specs" : [ {
                "status" : "info",
                "place" : {
                  "filePath" : "AddZadatakTestLarge.gspec",
                  "lineNumber" : 35
                },
                "name" : "inside screen",
                "highlight" : [ "footer", "screen" ]
              }, {
                "status" : "info",
                "place" : {
                  "filePath" : "AddZadatakTestLarge.gspec",
                  "lineNumber" : 36
                },
                "name" : "below glavniSadrzaj",
                "highlight" : [ "footer", "glavniSadrzaj" ]
              } ]
            }, {
              "name" : "h1",
              "specs" : [ {
                "status" : "info",
                "place" : {
                  "filePath" : "AddZadatakTestLarge.gspec",
                  "lineNumber" : 39
                },
                "name" : "above meni",
                "highlight" : [ "h1", "meni" ]
              } ]
            } ]
          } ],
          "objects" : {
            "meni" : {
              "area" : [ 8, 73, 1213, 78 ]
            },
            "glavniSadrzaj" : {
              "area" : [ 98, 171, 1031, 374 ]
            },
            "submit" : {
              "area" : [ 598, 475, 140, 45 ]
            },
            "footer" : {
              "area" : [ 8, 565, 1212, 24 ]
            },
            "naziv" : {
              "area" : [ 489, 281, 196, 34 ]
            },
            "header" : {
              "area" : [ 8, 8, 1213, 143 ]
            },
            "screen" : {
              "area" : [ 0, 0, 1229, 617 ]
            },
            "h1" : {
              "area" : [ 871, 21, 338, 39 ]
            },
            "postavka" : {
              "area" : [ 489, 359, 249, 25 ]
            }
          },
          "screenshot" : "layout-1-screenshot.png",
          "type" : "layout"
        } ],
        "time" : 1541259495018,
        "type" : "node"
      } ],
      "time" : 1541259489803,
      "type" : "node"
    } ]
  }
}