{
  "testId" : "1-zadacitestlarge.gspec",
  "name" : "ZadaciTestLarge.gspec",
  "report" : {
    "nodes" : [ {
      "name" : "Simple check",
      "status" : "info",
      "nodes" : [ {
        "name" : "check  ZadaciTestLarge.gspec --url http://localhost/zadaci.html --size 1024x768 --htmlreport izvjestaji/ZadaciTest/Large -Dwebdriver.chrome.driver=/usr/local/lib/node_modules/galenframework-cli/node_modules/chromedriver/lib/chromedriver/chromedriver -Dwebdriver.gecko.driver=/usr/local/lib/node_modules/galenframework-cli/node_modules/geckodriver/geckodriver",
        "status" : "info",
        "nodes" : [ {
          "name" : "Check layout: ZadaciTestLarge.gspec included tags: ",
          "status" : "info",
          "time" : 1541255659138,
          "sections" : [ {
            "name" : "Main section",
            "place" : {
              "filePath" : "ZadaciTestLarge.gspec",
              "lineNumber" : 10
            },
            "objects" : [ {
              "name" : "header",
              "specs" : [ {
                "status" : "info",
                "place" : {
                  "filePath" : "ZadaciTestLarge.gspec",
                  "lineNumber" : 12
                },
                "name" : "inside screen",
                "highlight" : [ "header", "screen" ]
              }, {
                "status" : "info",
                "place" : {
                  "filePath" : "ZadaciTestLarge.gspec",
                  "lineNumber" : 13
                },
                "name" : "above cetvrtina 0px",
                "highlight" : [ "header", "cetvrtina" ]
              }, {
                "status" : "info",
                "place" : {
                  "filePath" : "ZadaciTestLarge.gspec",
                  "lineNumber" : 14
                },
                "name" : "above polovina 0px",
                "highlight" : [ "header", "polovina" ]
              } ]
            }, {
              "name" : "cetvrtina",
              "specs" : [ {
                "status" : "info",
                "place" : {
                  "filePath" : "ZadaciTestLarge.gspec",
                  "lineNumber" : 17
                },
                "name" : "inside screen",
                "highlight" : [ "cetvrtina", "screen" ]
              }, {
                "status" : "info",
                "place" : {
                  "filePath" : "ZadaciTestLarge.gspec",
                  "lineNumber" : 18
                },
                "name" : "left-of polovina",
                "highlight" : [ "cetvrtina", "polovina" ]
              }, {
                "status" : "info",
                "place" : {
                  "filePath" : "ZadaciTestLarge.gspec",
                  "lineNumber" : 19
                },
                "name" : "below header 0px",
                "highlight" : [ "cetvrtina", "header" ]
              }, {
                "status" : "info",
                "place" : {
                  "filePath" : "ZadaciTestLarge.gspec",
                  "lineNumber" : 20
                },
                "name" : "above footer 0px",
                "highlight" : [ "cetvrtina", "footer" ]
              }, {
                "status" : "info",
                "place" : {
                  "filePath" : "ZadaciTestLarge.gspec",
                  "lineNumber" : 21
                },
                "name" : "width ~25% of body/width",
                "highlight" : [ "cetvrtina" ]
              } ]
            }, {
              "name" : "polovina",
              "specs" : [ {
                "status" : "info",
                "place" : {
                  "filePath" : "ZadaciTestLarge.gspec",
                  "lineNumber" : 24
                },
                "name" : "inside screen",
                "highlight" : [ "polovina", "screen" ]
              }, {
                "status" : "info",
                "place" : {
                  "filePath" : "ZadaciTestLarge.gspec",
                  "lineNumber" : 25
                },
                "name" : "right-of cetvrtina",
                "highlight" : [ "polovina", "cetvrtina" ]
              }, {
                "status" : "info",
                "place" : {
                  "filePath" : "ZadaciTestLarge.gspec",
                  "lineNumber" : 26
                },
                "name" : "below header 0px",
                "highlight" : [ "polovina", "header" ]
              }, {
                "status" : "info",
                "place" : {
                  "filePath" : "ZadaciTestLarge.gspec",
                  "lineNumber" : 27
                },
                "name" : "above footer 0px",
                "highlight" : [ "polovina", "footer" ]
              }, {
                "status" : "info",
                "place" : {
                  "filePath" : "ZadaciTestLarge.gspec",
                  "lineNumber" : 28
                },
                "name" : "width ~50% of body/width",
                "highlight" : [ "polovina" ]
              } ]
            }, {
              "name" : "h1",
              "specs" : [ {
                "status" : "info",
                "place" : {
                  "filePath" : "ZadaciTestLarge.gspec",
                  "lineNumber" : 31
                },
                "name" : "inside header",
                "highlight" : [ "h1", "header" ]
              }, {
                "status" : "info",
                "place" : {
                  "filePath" : "ZadaciTestLarge.gspec",
                  "lineNumber" : 32
                },
                "name" : "above meni",
                "highlight" : [ "h1", "meni" ]
              } ]
            } ]
          } ],
          "objects" : {
            "meni" : {
              "area" : [ 8, 73, 1201, 78 ]
            },
            "footer" : {
              "area" : [ 8, 601, 1200, 24 ]
            },
            "header" : {
              "area" : [ 8, 8, 1201, 143 ]
            },
            "screen" : {
              "area" : [ 0, 0, 1217, 633 ]
            },
            "h1" : {
              "area" : [ 953, 21, 244, 39 ]
            },
            "polovina" : {
              "area" : [ 608, 151, 600, 450 ]
            },
            "cetvrtina" : {
              "area" : [ 8, 151, 300, 450 ]
            }
          },
          "screenshot" : "layout-1-screenshot.png",
          "type" : "layout"
        } ],
        "time" : 1541255656493,
        "type" : "node"
      } ],
      "time" : 1541255651439,
      "type" : "node"
    } ]
  }
}