{
  "tests" : [ {
    "name" : "Test on firefox on mobile",
    "startedAt" : 1541506017439,
    "endedAt" : 1541506025532,
    "failed" : false,
    "statistic" : {
      "passed" : 1,
      "errors" : 0,
      "warnings" : 0,
      "total" : 1
    },
    "testId" : "1-test-on-firefox-on-mobile",
    "duration" : 8093,
    "groups" : [ ],
    "failed" : false
  }, {
    "name" : "Test on firefox on desktop",
    "startedAt" : 1541506025532,
    "endedAt" : 1541506032659,
    "failed" : false,
    "statistic" : {
      "passed" : 1,
      "errors" : 0,
      "warnings" : 0,
      "total" : 1
    },
    "testId" : "2-test-on-firefox-on-desktop",
    "duration" : 7127,
    "groups" : [ ],
    "failed" : false
  } ]
}