{
  "tests" : [ {
    "name" : "Test on firefox on mobile",
    "startedAt" : 1541506408042,
    "endedAt" : 1541506416461,
    "failed" : false,
    "statistic" : {
      "passed" : 3,
      "errors" : 0,
      "warnings" : 0,
      "total" : 3
    },
    "testId" : "1-test-on-firefox-on-mobile",
    "duration" : 8419,
    "groups" : [ ],
    "failed" : false
  }, {
    "name" : "Test on firefox on desktop",
    "startedAt" : 1541506416461,
    "endedAt" : 1541506424185,
    "failed" : false,
    "statistic" : {
      "passed" : 3,
      "errors" : 0,
      "warnings" : 0,
      "total" : 3
    },
    "testId" : "2-test-on-firefox-on-desktop",
    "duration" : 7724,
    "groups" : [ ],
    "failed" : false
  } ]
}